2025-05-07 23:28:51,145 - INFO - Starting script...
2025-05-07 23:28:51,145 - INFO - Running script at 2025-05-07 23:28:51.145401
2025-05-07 23:28:51,146 - ERROR - ChromeDriver not found at C:/Users/brad/rtk_user_map/rtk_user_map/chromedriver.exe
2025-05-07 23:29:59,962 - INFO - Starting script...
2025-05-07 23:29:59,962 - INFO - Running script at 2025-05-07 23:29:59.962532
2025-05-07 23:29:59,963 - INFO - ChromeDriver found at C:/Users/brad/rtk_user_map/rtk_user_map/chromedriver.exe
2025-05-07 23:30:01,313 - INFO - Cleaned processed rows, retained 0 entries
2025-05-07 23:30:01,314 - INFO - Loaded 0 processed rows
2025-05-07 23:30:02,641 - INFO - Navigating to login page...
2025-05-07 23:30:07,717 - INFO - No modal detected.
2025-05-07 23:30:07,726 - INFO - Username field found.
2025-05-07 23:30:08,161 - INFO - Logging in...
2025-05-07 23:30:08,394 - INFO - Navigating to log page...
2025-05-07 23:30:08,395 - INFO - Scraping page 1...
2025-05-07 23:30:08,943 - INFO - Log table found.
2025-05-07 23:30:08,952 - INFO - Found 2 rows on page 1.
2025-05-07 23:30:11,509 - INFO - No modal detected.
2025-05-07 23:30:11,592 - INFO - Navigating to page 2...
2025-05-07 23:30:11,592 - INFO - Scraping page 2...
2025-05-07 23:30:11,602 - INFO - Log table found.
2025-05-07 23:30:11,612 - INFO - Found 21 rows on page 2.
2025-05-07 23:30:11,953 - INFO - Scraped GGA for row ID lakner24_2025/05/08 03:09:44_392: $GPGGA,031457.00,4430.1149,N,09844.8624,W,4,35,0.4,440.4,M,-25.9,M,2.0,0827*7C
2025-05-07 23:30:11,953 - INFO - Scraped timestamp for row ID lakner24_2025/05/08 03:09:44_392: 2025/05/08 03:09:44
2025-05-07 23:30:12,253 - INFO - Scraped GGA for row ID Vietfarm_2025/05/08 03:06:37_174: $GPGGA,221822,4327.1730,N,09707.2167,W,1,8,1,0,M,-32,M,3,0*5D
2025-05-07 23:30:12,254 - INFO - Scraped timestamp for row ID Vietfarm_2025/05/08 03:06:37_174: 2025/05/07 21:34:11
2025-05-07 23:30:12,510 - INFO - Scraped GGA for row ID abertk_2025/05/07 20:41:46_12812: $GPGGA,001432.00,4414.11131180,N,09730.71433809,W,4,33,0.5,525.3668,M,-25.8437,M,02,3637*53
2025-05-07 23:30:12,511 - INFO - Scraped timestamp for row ID abertk_2025/05/07 20:41:46_12812: 2025/05/07 20:41:46
2025-05-07 23:30:12,749 - INFO - Scraped GGA for row ID dykstrartk_2025/05/07 20:33:16_21755: $GPGGA,023427.00,4326.7263,N,09658.1224,W,4,35,0.4,451.2,M,-27.7,M,3.0,0872*70
2025-05-07 23:30:12,749 - INFO - Scraped timestamp for row ID dykstrartk_2025/05/07 20:33:16_21755: 2025/05/07 20:33:16
2025-05-07 23:30:13,032 - INFO - Scraped GGA for row ID lakner24_2025/05/07 19:50:48_3305: $GPGGA,204432.00,4430.6037,N,09841.9680,W,4,31,0.5,435.9,M,-26.0,M,2.0,0827*7E
2025-05-07 23:30:13,032 - INFO - Scraped timestamp for row ID lakner24_2025/05/07 19:50:48_3305: 2025/05/07 19:50:48
2025-05-07 23:30:13,162 - INFO - Skipping row: Empty Miner SN - Row Data: ['mthielen', '', 'Wollman', '174.201.102.11', 'Successful', 'Success', '', '0', '0', '2025/05/07 19:30:28', '0', 'GET / HTTP/1.1 Host: rtk.geodnet.com/AUTO Ntrip-Version: Ntrip/2.0 User-Agent: NTRIP NtripClientiOS/Version: 1.0 Authorization: Basic bXRoaWVsZW46bXRoaWVsZW5fMQ==', '', '0', '0', '0', '0', 'Download']
2025-05-07 23:30:13,307 - INFO - Skipping row: Empty Miner SN - Row Data: ['mthielen', '', 'Wollman', '174.201.102.11', 'Successful', 'Success', '', '0', '0', '2025/05/07 19:30:18', '0', 'GET / HTTP/1.1 Host: rtk.geodnet.com/AUTO Ntrip-Version: Ntrip/2.0 User-Agent: NTRIP NtripClientiOS/Version: 1.0 Authorization: Basic bXRoaWVsZW46bXRoaWVsZW5fMQ==', '', '0', '0', '0', '0', 'Download']
2025-05-07 23:30:13,436 - INFO - Skipping row: Empty Miner SN - Row Data: ['mthielen', '', 'Wollman', '174.201.102.11', 'Successful', 'Success', '', '0', '0', '2025/05/07 19:30:15', '0', 'GET / HTTP/1.1 Host: rtk.geodnet.com/AUTO Ntrip-Version: Ntrip/2.0 User-Agent: NTRIP NtripClientiOS/Version: 1.0 Authorization: Basic bXRoaWVsZW46bXRoaWVsZW5fMQ==', '', '0', '0', '0', '0', 'Download']
2025-05-07 23:30:13,559 - INFO - Skipping row: Empty Miner SN - Row Data: ['mthielen', '', 'Wollman', '174.201.102.11', 'Successful', 'Success', '', '0', '0', '2025/05/07 19:30:13', '0', 'GET / HTTP/1.1 Host: rtk.geodnet.com/AUTO Ntrip-Version: Ntrip/2.0 User-Agent: NTRIP NtripClientiOS/Version: 1.0 Authorization: Basic bXRoaWVsZW46bXRoaWVsZW5fMQ==', '', '0', '0', '0', '0', 'Download']
2025-05-07 23:30:13,671 - INFO - Skipping row: Empty Miner SN - Row Data: ['mthielen', '', 'Wollman', '174.201.102.11', 'Successful', 'Success', '', '0', '0', '2025/05/07 19:30:11', '0', 'GET / HTTP/1.1 Host: rtk.geodnet.com/AUTO Ntrip-Version: Ntrip/2.0 User-Agent: NTRIP NtripClientiOS/Version: 1.0 Authorization: Basic bXRoaWVsZW46bXRoaWVsZW5fMQ==', '', '0', '0', '0', '0', 'Download']
2025-05-07 23:30:13,776 - INFO - Skipping row: Empty Miner SN - Row Data: ['mthielen', '', 'Wollman', '174.201.102.11', 'Successful', 'Success', '', '0', '0', '2025/05/07 19:30:10', '0', 'GET / HTTP/1.1 Host: rtk.geodnet.com/AUTO Ntrip-Version: Ntrip/2.0 User-Agent: NTRIP NtripClientiOS/Version: 1.0 Authorization: Basic bXRoaWVsZW46bXRoaWVsZW5fMQ==', '', '0', '0', '0', '0', 'Download']
2025-05-07 23:30:13,887 - INFO - Skipping row: Empty Miner SN - Row Data: ['mthielen', '', 'Wollman', '174.201.102.11', 'Successful', 'Success', '', '0', '0', '2025/05/07 19:30:09', '0', 'GET / HTTP/1.1 Host: rtk.geodnet.com/AUTO Ntrip-Version: Ntrip/2.0 User-Agent: NTRIP NtripClientiOS/Version: 1.0 Authorization: Basic bXRoaWVsZW46bXRoaWVsZW5fMQ==', '', '0', '0', '0', '0', 'Download']
2025-05-07 23:30:14,005 - INFO - Skipping row: Empty Miner SN - Row Data: ['mthielen', '', 'Wollman', '174.201.102.11', 'Successful', 'Success', '', '0', '0', '2025/05/07 19:30:08', '0', 'GET / HTTP/1.1 Host: rtk.geodnet.com/AUTO Ntrip-Version: Ntrip/2.0 User-Agent: NTRIP NtripClientiOS/Version: 1.0 Authorization: Basic bXRoaWVsZW46bXRoaWVsZW5fMQ==', '', '0', '0', '0', '0', 'Download']
2025-05-07 23:30:14,214 - INFO - Scraped GGA for row ID Vietfarm_2025/05/07 19:11:07_3770: $GPGGA,201339,4324.9923,N,09708.8327,W,1,8,1,0,M,-32,M,3,0*5A
2025-05-07 23:30:14,214 - INFO - Scraped timestamp for row ID Vietfarm_2025/05/07 19:11:07_3770: 2025/05/07 19:11:07
2025-05-07 23:30:14,333 - INFO - Skipping row: Empty Miner SN - Row Data: ['mthielen', '', 'Wollman', '174.201.102.11', 'Successful', 'Success', '', '0', '0', '2025/05/07 18:54:39', '0', 'GET / HTTP/1.1 Host: rtk.geodnet.com Ntrip-Version: Ntrip/2.0 User-Agent: NTRIP NtripClientiOS/Version: 1.0 Authorization: Basic bXRoaWVsZW46bXRoaWVsZW5fMQ==', '', '0', '0', '0', '0', 'Download']
2025-05-07 23:30:14,547 - INFO - Scraped GGA for row ID lakner24_2025/05/07 18:53:20_3435: $GPGGA,195012.00,4428.9658,N,09844.3688,W,4,37,0.4,441.1,M,-26.0,M,2.0,0827*71
2025-05-07 23:30:14,547 - INFO - Scraped timestamp for row ID lakner24_2025/05/07 18:53:20_3435: 2025/05/07 18:53:20
2025-05-07 23:30:14,755 - INFO - Scraped GGA for row ID lakner24_2025/05/07 18:52:49_19: $GPGGA,185242.00,4428.8769,N,09844.0038,W,4,37,0.4,440.9,M,-26.0,M,2.0,0827*72
2025-05-07 23:30:14,756 - INFO - Scraped timestamp for row ID lakner24_2025/05/07 18:52:49_19: 2025/05/07 18:52:49
2025-05-07 23:30:14,970 - INFO - Scraped GGA for row ID lakner24_2025/05/07 18:51:53_44: $GPGGA,185212.00,4428.8769,N,09843.9420,W,4,37,0.4,440.4,M,-26.0,M,2.0,0827*79
2025-05-07 23:30:14,970 - INFO - Scraped timestamp for row ID lakner24_2025/05/07 18:51:53_44: 2025/05/07 18:51:53
2025-05-07 23:30:15,189 - INFO - Scraped GGA for row ID lakner24_2025/05/07 18:47:12_269: $GPGGA,185117.00,4428.8869,N,09843.9875,W,4,37,0.4,440.6,M,-26.0,M,2.0,0827*7E
2025-05-07 23:30:15,189 - INFO - Scraped timestamp for row ID lakner24_2025/05/07 18:47:12_269: 2025/05/07 18:47:12
2025-05-07 23:30:15,413 - INFO - Scraped GGA for row ID lakner24_2025/05/07 18:46:49_11: $GPGGA,184637.00,4428.8967,N,09844.1726,W,2,37,0.5,440.9,M,-26.0,M,5.0,0000*71
2025-05-07 23:30:15,413 - INFO - Scraped timestamp for row ID lakner24_2025/05/07 18:46:49_11: 2025/05/07 18:46:49
2025-05-07 23:30:17,450 - INFO - No modal detected.
2025-05-07 23:30:17,518 - INFO - Navigating to page 3...
2025-05-07 23:30:17,518 - INFO - Scraping page 3...
2025-05-07 23:30:17,528 - INFO - Log table found.
2025-05-07 23:30:17,534 - INFO - Found 21 rows on page 3.
2025-05-07 23:30:17,830 - INFO - Scraped GGA for row ID lakner24_2025/05/07 22:11:48_367: $GPGGA,184612.00,4428.8967,N,09844.1179,W,4,36,0.5,440.7,M,-26.0,M,2.0,0827*79
2025-05-07 23:30:17,830 - INFO - Scraped timestamp for row ID lakner24_2025/05/07 22:11:48_367: 2025/05/07 18:43:49
2025-05-07 23:30:18,060 - INFO - Scraped GGA for row ID Vaksdal_2025/05/07 18:37:20_21881: $GPGGA,004142,4309.8396,N,09644.3842,W,1,8,1,0,M,-32,M,3,0*53
2025-05-07 23:30:18,060 - INFO - Scraped timestamp for row ID Vaksdal_2025/05/07 18:37:20_21881: 2025/05/07 18:37:20
2025-05-07 23:30:18,286 - INFO - Scraped GGA for row ID lakner24_2025/05/07 18:33:59_578: $GPGGA,184312.00,4428.9066,N,09844.0788,W,4,36,0.4,440.8,M,-26.0,M,3.0,0827*73
2025-05-07 23:30:18,286 - INFO - Scraped timestamp for row ID lakner24_2025/05/07 18:33:59_578: 2025/05/07 18:33:59
2025-05-07 23:30:18,489 - INFO - Scraped GGA for row ID lakner24_2025/05/07 18:31:59_108: $GPGGA,183322.00,4428.7881,N,09844.0668,W,4,37,0.4,441.5,M,-26.0,M,2.0,0827*7B
2025-05-07 23:30:18,489 - INFO - Scraped timestamp for row ID lakner24_2025/05/07 18:31:59_108: 2025/05/07 18:31:59
2025-05-07 23:30:18,696 - INFO - Scraped GGA for row ID lakner24_2025/05/07 18:30:41_66: $GPGGA,183122.00,4428.7802,N,09843.9251,W,4,37,0.4,441.4,M,-26.0,M,2.0,0827*73
2025-05-07 23:30:18,696 - INFO - Scraped timestamp for row ID lakner24_2025/05/07 18:30:41_66: 2025/05/07 18:30:41
2025-05-07 23:30:18,805 - INFO - Skipping row: Empty Miner SN - Row Data: ['lakner24', 'AUTO', 'Brad Stearns', '145.40.69.39', 'Successful', 'Success', '', '0', '0', '2025/05/07 18:30:21', '9', 'GET /AUTO HTTP/1.1 Host:rtk.geodnet.com User-Agent: NTRIP Cloudbase/4.1.4_JD Accept:*/* Authorization: Basic bGFrbmVyMjQ6bGFrbmVyMjQ= Connection:close', '', '0', '0', '0', '0', 'Download']
2025-05-07 23:30:19,014 - INFO - Scraped GGA for row ID lakner24_2025/05/07 18:29:19_50: $GPGGA,182947.00,4428.8988,N,09843.9276,W,4,37,0.4,440.4,M,-26.0,M,3.0,0827*70
2025-05-07 23:30:19,014 - INFO - Scraped timestamp for row ID lakner24_2025/05/07 18:29:19_50: 2025/05/07 18:29:19
2025-05-07 23:30:19,218 - INFO - Scraped GGA for row ID lakner24_2025/05/07 18:28:29_38: $GPGGA,182842.00,4428.9729,N,09843.9632,W,4,37,0.4,441.3,M,-26.0,M,2.0,0827*73
2025-05-07 23:30:19,219 - INFO - Scraped timestamp for row ID lakner24_2025/05/07 18:28:29_38: 2025/05/07 18:28:29
2025-05-07 23:30:19,436 - INFO - Scraped GGA for row ID lakner24_2025/05/07 18:26:06_131: $GPGGA,182752.00,4428.9981,N,09844.0038,W,4,37,0.4,440.7,M,-26.0,M,2.0,0827*76
2025-05-07 23:30:19,436 - INFO - Scraped timestamp for row ID lakner24_2025/05/07 18:26:06_131: 2025/05/07 18:26:06
2025-05-07 23:30:19,644 - INFO - Scraped GGA for row ID lakner24_2025/05/07 18:24:55_59: $GPGGA,182532.00,4428.8254,N,09843.9266,W,4,36,0.4,440.4,M,-26.0,M,2.0,0827*75
2025-05-07 23:30:19,644 - INFO - Scraped timestamp for row ID lakner24_2025/05/07 18:24:55_59: 2025/05/07 18:24:55
2025-05-07 23:30:19,858 - INFO - Scraped GGA for row ID lakner24_2025/05/07 18:24:06_35: $GPGGA,182417.00,4428.7782,N,09843.9236,W,4,36,0.4,441.4,M,-26.0,M,2.0,0827*76
2025-05-07 23:30:19,859 - INFO - Scraped timestamp for row ID lakner24_2025/05/07 18:24:06_35: 2025/05/07 18:24:06
2025-05-07 23:30:20,082 - INFO - Scraped GGA for row ID dhaugaard_2025/05/07 17:52:15_32734: Ntrip-GGA: $GPGGA,025727,4352.2735,N,09713.1927,W,4,00,0.7,522.1,M,-26.5,M,3.0,3631*57
2025-05-07 23:30:20,082 - INFO - Scraped timestamp for row ID dhaugaard_2025/05/07 17:52:15_32734: 2025/05/07 17:52:15
2025-05-07 23:30:20,297 - INFO - Scraped GGA for row ID lakner24_2025/05/07 17:09:41_4453: $GPGGA,182327.00,4428.7782,N,09844.0359,W,4,36,0.4,441.6,M,-26.0,M,3.0,0827*77
2025-05-07 23:30:20,297 - INFO - Scraped timestamp for row ID lakner24_2025/05/07 17:09:41_4453: 2025/05/07 17:09:41
2025-05-07 23:30:20,541 - INFO - Scraped GGA for row ID lakner24_2025/05/07 17:08:49_18: $GPGGA,170842.00,4430.5310,N,09841.9926,W,1,08,1.7,432.0,M,-26.0,M,,*50
2025-05-07 23:30:20,541 - INFO - Scraped timestamp for row ID lakner24_2025/05/07 17:08:49_18: 2025/05/07 17:08:49
2025-05-07 23:30:20,819 - INFO - Scraped GGA for row ID dhaugaard_2025/05/07 16:56:11_1009: Ntrip-GGA: $GPGGA,171233,4352.5418,N,09712.7988,W,4,00,0.8,533.4,M,-26.5,M,2.0,3631*55
2025-05-07 23:30:20,819 - INFO - Scraped timestamp for row ID dhaugaard_2025/05/07 16:56:11_1009: 2025/05/07 16:56:11
2025-05-07 23:30:21,067 - INFO - Scraped GGA for row ID lakner24_2025/05/07 16:23:05_89: $GPGGA,162312.00,4430.5224,N,09842.0129,W,4,24,0.6,436.3,M,-26.0,M,2.0,0827*7B
2025-05-07 23:30:21,067 - INFO - Scraped timestamp for row ID lakner24_2025/05/07 16:23:05_89: 2025/05/07 16:23:05
2025-05-07 23:30:21,198 - INFO - Skipping row: Empty Miner SN - Row Data: ['lakner24', 'AUTO', 'Brad Stearns', '147.75.51.171', 'Successful', 'Success', '', '0', '1', '2025/05/07 16:22:38', '14', 'GET /AUTO HTTP/1.1 Host:rtk.geodnet.com User-Agent: NTRIP Cloudbase/4.1.4_JD Accept:*/* Authorization: Basic bGFrbmVyMjQ6bGFrbmVyMjQ= Connection:close', '$GPGGA,162227.00,,,,,0,,,,M,,M,,*4A', '0', '0', '0', '0', 'Download']
2025-05-07 23:30:21,366 - INFO - Skipping row: Empty Miner SN - Row Data: ['lakner24', 'AUTO', 'Brad Stearns', '147.75.51.170', 'Successful', 'Success', '', '0', '0', '2025/05/07 16:20:16', '932', 'GET /AUTO HTTP/1.1 Host:rtk.geodnet.com User-Agent: NTRIP Cloudbase/4.1.4_JD Accept:*/* Authorization: Basic bGFrbmVyMjQ6bGFrbmVyMjQ= Connection:close', '', '0', '0', '0', '0', 'Download']
2025-05-07 23:30:21,688 - INFO - Scraped GGA for row ID lakner24_2025/05/07 16:18:31_134: $GPGGA,161922.00,4430.5305,N,09841.9921,W,4,27,0.4,436.2,M,-26.0,M,3.0,0827*78
2025-05-07 23:30:21,689 - INFO - Scraped timestamp for row ID lakner24_2025/05/07 16:18:31_134: 2025/05/07 16:18:31
2025-05-07 23:30:22,029 - INFO - Scraped GGA for row ID lakner24_2025/05/07 16:18:02_17: $GPGGA,161757.00,4430.5903,N,09841.9572,W,5,09,0.9,436.6,M,-26.0,M,3.0,0827*76
2025-05-07 23:30:22,029 - INFO - Scraped timestamp for row ID lakner24_2025/05/07 16:18:02_17: 2025/05/07 16:18:02
2025-05-07 23:30:24,073 - INFO - No modal detected.
2025-05-07 23:30:24,123 - INFO - Navigating to page 4...
2025-05-07 23:30:24,123 - INFO - Scraping page 4...
2025-05-07 23:30:24,129 - INFO - Log table found.
2025-05-07 23:30:24,136 - INFO - Found 21 rows on page 4.
2025-05-07 23:30:24,482 - INFO - Scraped GGA for row ID lakner24_2025/05/07 18:43:49_168: $GPGGA,162932.00,4503.4723,N,10007.6451,W,4,30,0.4,614.0,M,-23.6,M,2.0,1007*72
2025-05-07 23:30:24,482 - INFO - Scraped timestamp for row ID lakner24_2025/05/07 18:43:49_168: 2025/05/07 16:04:12
2025-05-07 23:30:24,683 - INFO - Scraped GGA for row ID lakner24_2025/05/07 15:55:19_352: $GPGGA,155942.00,4430.6056,N,09841.9768,W,4,31,0.5,436.1,M,-26.0,M,2.0,0827*78
2025-05-07 23:30:24,684 - INFO - Scraped timestamp for row ID lakner24_2025/05/07 15:55:19_352: 2025/05/07 15:55:19
2025-05-07 23:30:24,886 - INFO - Scraped GGA for row ID lakner24_2025/05/07 15:54:51_15: $GPGGA,155442.00,4430.6056,N,09841.9769,W,5,09,0.9,433.1,M,-26.0,M,2.0,0827*77
2025-05-07 23:30:24,886 - INFO - Scraped timestamp for row ID lakner24_2025/05/07 15:54:51_15: 2025/05/07 15:54:51
2025-05-07 23:30:25,097 - INFO - Scraped GGA for row ID Sieverding_2025/05/07 15:50:47_45528: $GPGGA,042907,4340.1537,N,09701.7241,W,1,8,1,0,M,-32,M,3,0*5C
2025-05-07 23:30:25,098 - INFO - Scraped timestamp for row ID Sieverding_2025/05/07 15:50:47_45528: 2025/05/07 15:50:47
2025-05-07 23:30:25,323 - INFO - Scraped GGA for row ID westerman_2025/05/07 15:10:38_26159: $GPGGA,222634.00,4321.5041741,N,09659.3638277,W,4,42,1.0,407.3,M,0.0,M,0.0,*68
2025-05-07 23:30:25,323 - INFO - Scraped timestamp for row ID westerman_2025/05/07 15:10:38_26159: 2025/05/07 15:10:38
2025-05-07 23:30:25,564 - INFO - Scraped GGA for row ID dykstrartk_2025/05/07 14:40:47_15409: $GPGGA,185617.00,4321.5246,N,09700.1137,W,4,36,0.5,408.1,M,-27.7,M,3.0,0906*7C
2025-05-07 23:30:25,565 - INFO - Scraped timestamp for row ID dykstrartk_2025/05/07 14:40:47_15409: 2025/05/07 14:40:47
2025-05-07 23:30:25,768 - INFO - Scraped GGA for row ID dykstrartk_2025/05/07 14:40:23_12: $GPGGA,144012.00,4323.2299,N,09701.6177,W,1,10,0.9,415.0,M,-27.6,M,,*54
2025-05-07 23:30:25,769 - INFO - Scraped timestamp for row ID dykstrartk_2025/05/07 14:40:23_12: 2025/05/07 14:40:23
2025-05-07 23:30:25,878 - INFO - Skipping row: Empty Miner SN - Row Data: ['dykstrartk', 'AUTO', 'Blake', '174.235.211.66', 'Successful', 'Success', '', '0', '2', '2025/05/07 14:39:57', '14', 'GET /AUTO HTTP/1.1 Host:rtk.geodnet.com User-Agent: NTRIP Cloudbase/4.1.4_JD Accept:*/* Authorization: Basic ZHlrc3RyYXJ0azpydGtkeWtzdHJh Connection:close', '$GPGGA,143947.00,,,,,0,,,,M,,M,,*44', '0', '0', '0', '0', 'Download']
2025-05-07 23:30:26,148 - INFO - Scraped GGA for row ID lakner24_2025/05/07 14:15:48_5465: $GPGGA,154532.00,4430.6056,N,09841.9768,W,4,30,0.5,436.1,M,-26.0,M,2.0,0827*73
2025-05-07 23:30:26,149 - INFO - Scraped timestamp for row ID lakner24_2025/05/07 14:15:48_5465: 2025/05/07 14:15:48
2025-05-07 23:30:26,392 - INFO - Scraped GGA for row ID garyhaak_2025/05/07 13:54:20_24567: $GPGGA,204216.20,4350.858285,N,09632.207389,W,4,09,1.1,482.521,M,-27.350,M,,*54
2025-05-07 23:30:26,393 - INFO - Scraped timestamp for row ID garyhaak_2025/05/07 13:54:20_24567: 2025/05/07 13:54:20
2025-05-07 23:30:26,607 - INFO - Scraped GGA for row ID Vaksdal_2025/05/07 13:30:44_10280: $GPGGA,162146,4311.1629,N,09643.9349,W,1,8,1,0,M,-32,M,3,0*5A
2025-05-07 23:30:26,608 - INFO - Scraped timestamp for row ID Vaksdal_2025/05/07 13:30:44_10280: 2025/05/07 13:30:44
2025-05-07 23:30:26,826 - INFO - Scraped GGA for row ID lakner24_2025/05/07 13:20:16_3320: $GPGGA,141512.00,4429.0661,N,09841.4542,W,4,39,0.6,438.4,M,-26.0,M,3.0,0827*7E
2025-05-07 23:30:26,826 - INFO - Scraped timestamp for row ID lakner24_2025/05/07 13:20:16_3320: 2025/05/07 13:20:16
2025-05-07 23:30:27,045 - INFO - Scraped GGA for row ID lakner24_2025/05/07 13:19:55_9: $GPGGA,131942.00,4428.8128,N,09840.8839,W,1,10,0.9,435.3,M,-26.0,M,,*54
2025-05-07 23:30:27,045 - INFO - Scraped timestamp for row ID lakner24_2025/05/07 13:19:55_9: 2025/05/07 13:19:55
2025-05-07 23:30:27,257 - INFO - Scraped GGA for row ID westerman_2025/05/07 12:27:44_103: $GPGGA,122923.00,4321.5046665,N,09659.3641556,W,4,43,0.9,407.3,M,0.0,M,0.0,*61
2025-05-07 23:30:27,257 - INFO - Scraped timestamp for row ID westerman_2025/05/07 12:27:44_103: 2025/05/07 12:27:44
2025-05-07 23:30:27,471 - INFO - Scraped GGA for row ID lakner24_2025/05/07 02:37:23_479: $GPGGA,024407.00,4430.5476,N,09842.0346,W,4,39,0.4,435.9,M,-26.0,M,2.0,0827*76
2025-05-07 23:30:27,471 - INFO - Scraped timestamp for row ID lakner24_2025/05/07 02:37:23_479: 2025/05/07 02:37:23
2025-05-07 23:30:27,692 - INFO - Scraped GGA for row ID lakner24_2025/05/07 02:36:52_19: $GPGGA,023647.00,4430.5411,N,09842.0357,W,5,06,0.9,437.6,M,-26.0,M,2.0,0827*7B
2025-05-07 23:30:27,693 - INFO - Scraped timestamp for row ID lakner24_2025/05/07 02:36:52_19: 2025/05/07 02:36:52
2025-05-07 23:30:27,940 - INFO - Scraped GGA for row ID worthrtk_2025/05/07 01:48:26_517: $GPGGA,015532.00,4503.4126,N,10000.6372,W,4,37,0.5,626.7,M,-23.9,M,3.0,1007*73
2025-05-07 23:30:27,940 - INFO - Scraped timestamp for row ID worthrtk_2025/05/07 01:48:26_517: 2025/05/07 01:48:26
2025-05-07 23:30:28,197 - INFO - Scraped GGA for row ID Vaksdal_2025/05/07 01:13:23_42987: $GPGGA,130925,4311.1654,N,09644.2065,W,1,8,1,0,M,-32,M,3,0*5B
2025-05-07 23:30:28,197 - INFO - Scraped timestamp for row ID Vaksdal_2025/05/07 01:13:23_42987: 2025/05/07 01:13:23
2025-05-07 23:30:28,402 - INFO - Scraped GGA for row ID lakner24_2025/05/06 23:55:13_8121: $GPGGA,020922.00,4430.5517,N,09842.0242,W,4,36,0.4,435.7,M,-26.0,M,2.0,0827*7A
2025-05-07 23:30:28,402 - INFO - Scraped timestamp for row ID lakner24_2025/05/06 23:55:13_8121: 2025/05/06 23:55:13
2025-05-07 23:30:28,604 - INFO - Scraped GGA for row ID lakner24_2025/05/06 23:54:45_16: $GPGGA,235437.00,4429.7046,N,09844.5449,W,5,17,0.6,436.8,M,-25.9,M,2.0,0827*76
2025-05-07 23:30:28,604 - INFO - Scraped timestamp for row ID lakner24_2025/05/06 23:54:45_16: 2025/05/06 23:54:45
2025-05-07 23:30:30,637 - INFO - No modal detected.
2025-05-07 23:30:30,687 - INFO - Navigating to page 5...
2025-05-07 23:30:30,687 - INFO - Scraping page 5...
2025-05-07 23:30:30,694 - INFO - Log table found.
2025-05-07 23:30:30,701 - INFO - Found 21 rows on page 5.
2025-05-07 23:30:31,011 - INFO - Scraped GGA for row ID worthrtk_2025/05/07 16:04:12_1612: Ntrip-GGA: $GPGGA,000804,4353.4990,N,09701.1937,W,4,00,0.9,509.8,M,-26.7,M,2.0,3825*5C
2025-05-07 23:30:31,011 - INFO - Scraped timestamp for row ID worthrtk_2025/05/07 16:04:12_1612: 2025/05/06 23:38:01
2025-05-07 23:30:31,238 - INFO - Scraped GGA for row ID Vietfarm_2025/05/06 23:32:46_3931: $GPGGA,003757,4328.2125,N,09700.4697,W,1,8,1,0,M,-32,M,3,0*55
2025-05-07 23:30:31,238 - INFO - Scraped timestamp for row ID Vietfarm_2025/05/06 23:32:46_3931: 2025/05/06 23:32:46
2025-05-07 23:30:31,470 - INFO - Scraped GGA for row ID Sieverding_2025/05/06 23:27:09_9493: $GPGGA,020459,4341.2196,N,09702.8927,W,1,8,1,0,M,-32,M,3,0*54
2025-05-07 23:30:31,470 - INFO - Scraped timestamp for row ID Sieverding_2025/05/06 23:27:09_9493: 2025/05/06 23:27:09
2025-05-07 23:30:31,511 - INFO - file_cache is only supported with oauth2client<4.0.0
2025-05-07 23:30:33,367 - INFO - Appended 50 rows in batch
2025-05-07 23:30:43,630 - INFO - Scraped GGA for row ID lakner24_2025/05/06 23:16:25_2320: $GPGGA,235337.00,4429.6982,N,09844.5329,W,4,30,0.5,438.2,M,-26.0,M,2.0,0827*79
2025-05-07 23:30:43,630 - INFO - Scraped timestamp for row ID lakner24_2025/05/06 23:16:25_2320: 2025/05/06 23:16:25
2025-05-07 23:30:43,885 - INFO - Scraped GGA for row ID lakner24_2025/05/06 23:15:57_15: $GPGGA,231547.00,4429.6501,N,09844.5354,W,5,06,2.0,438.3,M,-26.0,M,2.0,0827*73
2025-05-07 23:30:43,885 - INFO - Scraped timestamp for row ID lakner24_2025/05/06 23:15:57_15: 2025/05/06 23:15:57
2025-05-07 23:30:44,110 - INFO - Scraped GGA for row ID Vietfarm_2025/05/06 22:27:00_2380: $GPGGA,230501,4328.0789,N,09656.6024,W,1,8,1,0,M,-32,M,3,0*5A
2025-05-07 23:30:44,110 - INFO - Scraped timestamp for row ID Vietfarm_2025/05/06 22:27:00_2380: 2025/05/06 22:27:00
2025-05-07 23:30:44,222 - INFO - Skipping row: Empty Miner SN - Row Data: ['lakner24', 'AUTO', 'Brad Stearns', '147.75.51.169', 'Successful', 'Success', '', '0', '0', '2025/05/06 22:06:12', '20', 'GET /AUTO HTTP/1.1 Host:rtk.geodnet.com User-Agent: NTRIP Cloudbase/4.1.4_JD Accept:*/* Authorization: Basic bGFrbmVyMjQ6bGFrbmVyMjQ= Connection:close', '', '0', '0', '0', '0', 'Download']
2025-05-07 23:30:44,479 - INFO - Scraped GGA for row ID Vaksdal_2025/05/06 21:39:29_4378: $GPGGA,225201,4313.4193,N,09643.6317,W,1,8,1,0,M,-32,M,3,0*5F
2025-05-07 23:30:44,479 - INFO - Scraped timestamp for row ID Vaksdal_2025/05/06 21:39:29_4378: 2025/05/06 21:39:29
2025-05-07 23:30:44,727 - INFO - Scraped GGA for row ID worthrtk_2025/05/06 21:27:03_15671: $GPGGA,014752.00,4503.3927,N,10000.7909,W,4,35,0.4,622.8,M,-23.9,M,3.0,1007*77
2025-05-07 23:30:44,727 - INFO - Scraped timestamp for row ID worthrtk_2025/05/06 21:27:03_15671: 2025/05/06 21:27:03
2025-05-07 23:30:44,960 - INFO - Scraped GGA for row ID lakner24_2025/05/06 21:26:41_167: $GPGGA,212822.00,4430.5333,N,09841.9980,W,4,35,0.4,436.3,M,-26.0,M,2.0,0827*73
2025-05-07 23:30:44,960 - INFO - Scraped timestamp for row ID lakner24_2025/05/06 21:26:41_167: 2025/05/06 21:26:41
2025-05-07 23:30:45,199 - INFO - Scraped GGA for row ID worthrtk_2025/05/06 21:26:06_42: $GPGGA,212622.00,4503.4074,N,10000.5541,W,4,36,0.4,628.2,M,-23.9,M,2.0,1007*7D
2025-05-07 23:30:45,199 - INFO - Scraped timestamp for row ID worthrtk_2025/05/06 21:26:06_42: 2025/05/06 21:26:06
2025-05-07 23:30:45,419 - INFO - Scraped GGA for row ID lakner24_2025/05/06 21:25:26_63: $GPGGA,212602.00,4430.1434,N,09842.0771,W,4,34,0.4,437.3,M,-26.0,M,3.0,0827*70
2025-05-07 23:30:45,419 - INFO - Scraped timestamp for row ID lakner24_2025/05/06 21:25:26_63: 2025/05/06 21:25:26
2025-05-07 23:30:45,658 - INFO - Scraped GGA for row ID lakner24_2025/05/06 21:24:52_2646: $GPGGA,220732.00,4429.6321,N,09844.5535,W,4,34,0.4,439.8,M,-26.0,M,2.0,0827*7A
2025-05-07 23:30:45,659 - INFO - Scraped timestamp for row ID lakner24_2025/05/06 21:24:52_2646: 2025/05/06 21:24:52
2025-05-07 23:30:45,888 - INFO - Scraped GGA for row ID lakner24_2025/05/06 21:24:30_10: $GPGGA,212417.00,4429.6259,N,09844.9132,W,4,36,0.4,439.6,M,-25.9,M,15.0,0827*4E
2025-05-07 23:30:45,888 - INFO - Scraped timestamp for row ID lakner24_2025/05/06 21:24:30_10: 2025/05/06 21:24:30
2025-05-07 23:30:46,138 - INFO - Scraped GGA for row ID worthrtk_2025/05/06 21:24:26_89: $GPGGA,212532.00,4503.3653,N,10000.5731,W,4,36,0.4,627.3,M,-23.9,M,2.0,1007*70
2025-05-07 23:30:46,138 - INFO - Scraped timestamp for row ID worthrtk_2025/05/06 21:24:26_89: 2025/05/06 21:24:26
2025-05-07 23:30:46,408 - INFO - Scraped GGA for row ID lakner24_2025/05/06 21:24:06_69: $GPGGA,212452.00,4430.0615,N,09841.8980,W,4,36,0.4,436.8,M,-26.0,M,2.0,0827*75
2025-05-07 23:30:46,409 - INFO - Scraped timestamp for row ID lakner24_2025/05/06 21:24:06_69: 2025/05/06 21:24:06
2025-05-07 23:30:46,698 - INFO - Scraped GGA for row ID worthrtk_2025/05/06 21:23:43_32: $GPGGA,212352.00,4503.2069,N,10000.5926,W,4,36,0.4,627.2,M,-23.9,M,3.0,1007*76
2025-05-07 23:30:46,699 - INFO - Scraped timestamp for row ID worthrtk_2025/05/06 21:23:43_32: 2025/05/06 21:23:43
2025-05-07 23:30:46,932 - INFO - Scraped GGA for row ID lakner24_2025/05/06 21:23:16_37: $GPGGA,212327.00,4430.0791,N,09841.8802,W,4,36,0.4,436.4,M,-26.0,M,2.0,0827*7A
2025-05-07 23:30:46,933 - INFO - Scraped timestamp for row ID lakner24_2025/05/06 21:23:16_37: 2025/05/06 21:23:16
2025-05-07 23:30:47,183 - INFO - Scraped GGA for row ID worthrtk_2025/05/06 21:14:56_515: $GPGGA,212307.00,4503.1355,N,10000.6014,W,4,36,0.4,627.5,M,-23.9,M,3.0,1007*75
2025-05-07 23:30:47,183 - INFO - Scraped timestamp for row ID worthrtk_2025/05/06 21:14:56_515: 2025/05/06 21:14:56
2025-05-07 23:30:47,428 - INFO - Scraped GGA for row ID worthrtk_2025/05/06 21:13:31_73: $GPGGA,211422.00,4503.1039,N,10000.6332,W,4,36,0.5,625.9,M,-23.9,M,3.0,1007*77
2025-05-07 23:30:47,428 - INFO - Scraped timestamp for row ID worthrtk_2025/05/06 21:13:31_73: 2025/05/06 21:13:31
2025-05-07 23:30:49,475 - INFO - No modal detected.
2025-05-07 23:30:49,545 - INFO - Navigating to page 6...
2025-05-07 23:30:49,545 - INFO - Scraping page 6...
2025-05-07 23:30:49,556 - INFO - Log table found.
2025-05-07 23:30:49,567 - INFO - Found 21 rows on page 6.
2025-05-07 23:30:49,839 - INFO - Scraped GGA for row ID dhaugaard_2025/05/06 23:38:01_1825: Ntrip-GGA: $GPGGA,000804,4353.4990,N,09701.1937,W,4,00,0.9,509.8,M,-26.7,M,2.0,3825*5C
2025-05-07 23:30:49,839 - INFO - Scraped timestamp for row ID dhaugaard_2025/05/06 23:38:01_1825: 2025/05/06 23:38:01
2025-05-07 23:30:50,151 - INFO - Scraped GGA for row ID worthrtk_2025/05/06 21:11:57_19: $GPGGA,211152.00,4503.2343,N,10000.6320,W,4,35,0.4,625.9,M,-23.9,M,3.0,1007*79
2025-05-07 23:30:50,151 - INFO - Scraped timestamp for row ID worthrtk_2025/05/06 21:11:57_19: 2025/05/06 21:11:57
2025-05-07 23:30:50,532 - INFO - Scraped GGA for row ID worthrtk_2025/05/06 21:11:07_39: $GPGGA,211122.00,4503.2817,N,10000.6262,W,4,36,0.4,625.8,M,-23.9,M,3.0,1007*71
2025-05-07 23:30:50,533 - INFO - Scraped timestamp for row ID worthrtk_2025/05/06 21:11:07_39: 2025/05/06 21:11:07
2025-05-07 23:30:50,931 - INFO - Scraped GGA for row ID worthrtk_2025/05/06 21:02:36_498: $GPGGA,211032.00,4503.3609,N,10000.6165,W,4,36,0.4,626.6,M,-23.9,M,2.0,1007*79
2025-05-07 23:30:50,931 - INFO - Scraped timestamp for row ID worthrtk_2025/05/06 21:02:36_498: 2025/05/06 21:02:36
2025-05-07 23:30:51,261 - INFO - Scraped GGA for row ID worthrtk_2025/05/06 21:01:37_47: $GPGGA,210202.00,4503.4087,N,10000.6375,W,4,36,0.4,626.5,M,-23.9,M,3.0,1007*7F
2025-05-07 23:30:51,261 - INFO - Scraped timestamp for row ID worthrtk_2025/05/06 21:01:37_47: 2025/05/06 21:01:37
2025-05-07 23:30:51,651 - INFO - Scraped GGA for row ID worthrtk_2025/05/06 21:01:16_10: $GPGGA,210102.00,4503.3525,N,10000.6583,W,4,36,0.4,625.0,M,-23.9,M,15.0,1007*48
2025-05-07 23:30:51,652 - INFO - Scraped timestamp for row ID worthrtk_2025/05/06 21:01:16_10: 2025/05/06 21:01:16
2025-05-07 23:30:52,123 - INFO - Scraped GGA for row ID worthrtk_2025/05/06 20:59:56_68: $GPGGA,210042.00,4503.3207,N,10000.6622,W,4,36,0.4,625.3,M,-23.9,M,3.0,1007*76
2025-05-07 23:30:52,123 - INFO - Scraped timestamp for row ID worthrtk_2025/05/06 20:59:56_68: 2025/05/06 20:59:56
2025-05-07 23:30:52,448 - INFO - Scraped GGA for row ID lakner24_2025/05/06 20:58:57_1447: $GPGGA,212242.00,4430.0794,N,09841.8789,W,4,36,0.4,436.4,M,-26.0,M,2.0,0827*71
2025-05-07 23:30:52,448 - INFO - Scraped timestamp for row ID lakner24_2025/05/06 20:58:57_1447: 2025/05/06 20:58:57
2025-05-07 23:30:52,748 - INFO - Scraped GGA for row ID worthrtk_2025/05/06 20:58:47_58: $GPGGA,205922.00,4503.1940,N,10000.6779,W,4,36,0.4,626.9,M,-23.9,M,3.0,1007*71
2025-05-07 23:30:52,748 - INFO - Scraped timestamp for row ID worthrtk_2025/05/06 20:58:47_58: 2025/05/06 20:58:47
2025-05-07 23:30:53,032 - INFO - Scraped GGA for row ID lakner24_2025/05/06 20:58:26_1552: $GPGGA,212352.00,4429.6255,N,09844.9576,W,4,36,0.4,439.6,M,-25.9,M,3.0,0827*77
2025-05-07 23:30:53,033 - INFO - Scraped timestamp for row ID lakner24_2025/05/06 20:58:26_1552: 2025/05/06 20:58:26
2025-05-07 23:30:53,365 - INFO - Scraped GGA for row ID worthrtk_2025/05/06 20:58:08_26: $GPGGA,205812.00,4503.0882,N,10000.6901,W,4,35,0.4,623.7,M,-23.9,M,2.0,1007*75
2025-05-07 23:30:53,365 - INFO - Scraped timestamp for row ID worthrtk_2025/05/06 20:58:08_26: 2025/05/06 20:58:08
2025-05-07 23:30:53,643 - INFO - Scraped GGA for row ID lakner24_2025/05/06 20:57:57_48: $GPGGA,205822.00,4430.0822,N,09841.9203,W,4,36,0.4,436.4,M,-26.0,M,2.0,0827*7F
2025-05-07 23:30:53,643 - INFO - Scraped timestamp for row ID lakner24_2025/05/06 20:57:57_48: 2025/05/06 20:57:57
2025-05-07 23:30:53,903 - INFO - Scraped GGA for row ID worthrtk_2025/05/06 20:57:37_19: $GPGGA,205732.00,4503.1208,N,10000.7019,W,4,35,0.4,623.9,M,-23.9,M,2.0,1007*7E
2025-05-07 23:30:53,903 - INFO - Scraped timestamp for row ID worthrtk_2025/05/06 20:57:37_19: 2025/05/06 20:57:37
2025-05-07 23:30:54,144 - INFO - Scraped GGA for row ID worthrtk_2025/05/06 20:57:02_24: $GPGGA,205702.00,4503.1683,N,10000.6960,W,4,35,0.4,626.1,M,-23.9,M,3.0,1007*70
2025-05-07 23:30:54,144 - INFO - Scraped timestamp for row ID worthrtk_2025/05/06 20:57:02_24: 2025/05/06 20:57:02
2025-05-07 23:30:54,389 - INFO - Scraped GGA for row ID worthrtk_2025/05/06 20:56:26_24: $GPGGA,205627.00,4503.2231,N,10000.6892,W,4,35,0.4,626.0,M,-23.9,M,3.0,1007*75
2025-05-07 23:30:54,389 - INFO - Scraped timestamp for row ID worthrtk_2025/05/06 20:56:26_24: 2025/05/06 20:56:26
2025-05-07 23:30:54,611 - INFO - Scraped GGA for row ID worthrtk_2025/05/06 20:55:57_18: $GPGGA,205552.00,4503.2748,N,10000.6828,W,4,35,0.4,624.6,M,-23.9,M,3.0,1007*7A
2025-05-07 23:30:54,611 - INFO - Scraped timestamp for row ID worthrtk_2025/05/06 20:55:57_18: 2025/05/06 20:55:57
2025-05-07 23:30:54,843 - INFO - Scraped GGA for row ID lakner24_2025/05/06 20:55:52_113: $GPGGA,205722.00,4430.0822,N,09841.9203,W,4,36,0.4,436.4,M,-26.0,M,2.0,0827*70
2025-05-07 23:30:54,843 - INFO - Scraped timestamp for row ID lakner24_2025/05/06 20:55:52_113: 2025/05/06 20:55:52
2025-05-07 23:30:55,079 - INFO - Scraped GGA for row ID worthrtk_2025/05/06 20:55:14_31: $GPGGA,205522.00,4503.3197,N,10000.6774,W,4,35,0.5,624.6,M,-23.9,M,3.0,1007*7F
2025-05-07 23:30:55,079 - INFO - Scraped timestamp for row ID worthrtk_2025/05/06 20:55:14_31: 2025/05/06 20:55:14
2025-05-07 23:30:55,338 - INFO - Scraped GGA for row ID lakner24_2025/05/06 20:54:51_203: $GPGGA,205747.00,4429.8093,N,09844.5563,W,4,36,0.4,438.2,M,-25.9,M,2.0,0827*7B
2025-05-07 23:30:55,338 - INFO - Scraped timestamp for row ID lakner24_2025/05/06 20:54:51_203: 2025/05/06 20:54:51
2025-05-07 23:30:55,588 - INFO - Scraped GGA for row ID worthrtk_2025/05/06 20:54:37_25: $GPGGA,205437.00,4503.3867,N,10000.6690,W,4,35,0.4,625.1,M,-23.9,M,2.0,1007*71
2025-05-07 23:30:55,589 - INFO - Scraped timestamp for row ID worthrtk_2025/05/06 20:54:37_25: 2025/05/06 20:54:37
2025-05-07 23:30:57,635 - INFO - No modal detected.
2025-05-07 23:30:57,708 - INFO - Navigating to page 7...
2025-05-07 23:30:57,708 - INFO - Scraping page 7...
2025-05-07 23:30:57,720 - INFO - Log table found.
2025-05-07 23:30:57,730 - INFO - Found 21 rows on page 7.
2025-05-07 23:30:58,007 - INFO - Scraped GGA for row ID worthrtk_2025/05/06 21:12:27_53: $GPGGA,211257.00,4503.1320,N,10000.6448,W,4,35,0.4,626.3,M,-23.9,M,2.0,1007*78
2025-05-07 23:30:58,007 - INFO - Scraped timestamp for row ID worthrtk_2025/05/06 21:12:27_53: 2025/05/06 21:12:27
2025-05-07 23:30:58,241 - INFO - Duplicate row found (ID: worthrtk_2025/05/06 21:11:57_19)
2025-05-07 23:30:58,243 - INFO - file_cache is only supported with oauth2client<4.0.0
2025-05-07 23:30:59,589 - INFO - Appended 37 rows in batch
2025-05-07 23:31:09,602 - INFO - Scraped 87 rows in 68.28 seconds
2025-05-07 23:31:09,611 - INFO - Outside 6:00 AM to 8:00 PM - Sleeping for 1740 seconds
2025-05-08 00:00:09,711 - INFO - Loaded 87 processed rows
2025-05-08 00:00:09,757 - INFO - file_cache is only supported with oauth2client<4.0.0
2025-05-08 00:00:11,502 - INFO - Backed up Google Sheets data
2025-05-08 00:00:11,921 - INFO - Navigating to login page...
2025-05-08 00:00:17,012 - INFO - No modal detected.
2025-05-08 00:00:17,024 - INFO - Username field found.
2025-05-08 00:00:17,282 - INFO - Logging in...
2025-05-08 00:00:17,334 - INFO - Navigating to log page...
2025-05-08 00:00:17,335 - INFO - Scraping page 1...
2025-05-08 00:00:17,933 - INFO - Log table found.
2025-05-08 00:00:17,941 - INFO - Found 21 rows on page 1.
2025-05-08 00:00:18,065 - INFO - Duplicate row found (ID: lakner24_2025/05/08 03:09:44_392)
2025-05-08 00:00:18,066 - INFO - Scraped 0 rows in 8.45 seconds
2025-05-08 00:00:18,068 - INFO - Outside 6:00 AM to 8:00 PM - Sleeping for 3600 seconds
2025-05-08 01:00:18,112 - INFO - Loaded 87 processed rows
2025-05-08 01:00:18,434 - INFO - Navigating to login page...
2025-05-08 01:00:23,529 - INFO - No modal detected.
2025-05-08 01:00:23,539 - INFO - Username field found.
2025-05-08 01:00:23,779 - INFO - Logging in...
2025-05-08 01:00:23,850 - INFO - Navigating to log page...
2025-05-08 01:00:23,851 - INFO - Scraping page 1...
2025-05-08 01:00:24,505 - INFO - Log table found.
2025-05-08 01:00:24,516 - INFO - Found 21 rows on page 1.
2025-05-08 01:00:24,673 - INFO - Duplicate row found (ID: lakner24_2025/05/08 03:09:44_392)
2025-05-08 01:00:24,673 - INFO - Scraped 0 rows in 6.60 seconds
2025-05-08 01:00:24,674 - INFO - Outside 6:00 AM to 8:00 PM - Sleeping for 3600 seconds
2025-05-08 02:00:24,709 - INFO - Loaded 87 processed rows
2025-05-08 02:00:25,121 - INFO - Navigating to login page...
2025-05-08 02:00:30,220 - INFO - No modal detected.
2025-05-08 02:00:30,230 - INFO - Username field found.
2025-05-08 02:00:30,450 - INFO - Logging in...
2025-05-08 02:00:30,506 - INFO - Navigating to log page...
2025-05-08 02:00:30,507 - INFO - Scraping page 1...
2025-05-08 02:00:31,021 - INFO - Log table found.
2025-05-08 02:00:31,043 - INFO - Found 2 rows on page 1.
2025-05-08 02:00:33,612 - INFO - No modal detected.
2025-05-08 02:00:33,675 - INFO - Navigating to page 2...
2025-05-08 02:00:33,675 - INFO - Scraping page 2...
2025-05-08 02:00:33,681 - INFO - Log table found.
2025-05-08 02:00:33,688 - INFO - Found 21 rows on page 2.
2025-05-08 02:00:33,830 - INFO - Duplicate row found (ID: lakner24_2025/05/08 03:09:44_392)
2025-05-08 02:00:33,831 - INFO - Scraped 0 rows in 9.15 seconds
2025-05-08 02:00:33,832 - INFO - Outside 6:00 AM to 8:00 PM - Sleeping for 3600 seconds
2025-05-08 18:38:00,717 - INFO - Loaded 87 processed rows
2025-05-08 18:38:52,357 - ERROR - WebDriver error: Message: invalid session id: session deleted as the browser has closed the connection
from disconnected: not connected to DevTools
  (Session info: chrome=135.0.7049.115)
Stacktrace:
	GetHandleVerifier [0x00007FF643AE5335+78597]
	GetHandleVerifier [0x00007FF643AE5390+78688]
	(No symbol) [0x00007FF6438991AA]
	(No symbol) [0x00007FF643884EF5]
	(No symbol) [0x00007FF6438A9F04]
	(No symbol) [0x00007FF64391ED0F]
	(No symbol) [0x00007FF64393EBB2]
	(No symbol) [0x00007FF643916EC3]
	(No symbol) [0x00007FF6438E03F8]
	(No symbol) [0x00007FF6438E1163]
	GetHandleVerifier [0x00007FF643D8EEED+2870973]
	GetHandleVerifier [0x00007FF643D89698+2848360]
	GetHandleVerifier [0x00007FF643DA6973+2967875]
	GetHandleVerifier [0x00007FF643B0017A+188746]
	GetHandleVerifier [0x00007FF643B0845F+222255]
	GetHandleVerifier [0x00007FF643AED2B4+111236]
	GetHandleVerifier [0x00007FF643AED462+111666]
	GetHandleVerifier [0x00007FF643AD3589+5465]
	BaseThreadInitThunk [0x00007FF9B046E8D7+23]
	RtlUserThreadStart [0x00007FF9B26D14FC+44]

2025-05-08 18:38:52,475 - ERROR - Traceback (most recent call last):
  File "C:\Users\brad\rtk_user_map\rtk_user_map\geodnet_scraper_updated.py", line 217, in main
    driver.get("https://rtk.geodnet.com/enterprise/login")
    ~~~~~~~~~~^^^^^^^^^^^^^^^^^^^^^^^^^^^^^^^^^^^^^^^^^^^^
  File "C:\Users\brad\AppData\Local\Packages\PythonSoftwareFoundation.Python.3.13_qbz5n2kfra8p0\LocalCache\local-packages\Python313\site-packages\selenium\webdriver\remote\webdriver.py", line 356, in get
    self.execute(Command.GET, {"url": url})
    ~~~~~~~~~~~~^^^^^^^^^^^^^^^^^^^^^^^^^^^
  File "C:\Users\brad\AppData\Local\Packages\PythonSoftwareFoundation.Python.3.13_qbz5n2kfra8p0\LocalCache\local-packages\Python313\site-packages\selenium\webdriver\remote\webdriver.py", line 347, in execute
    self.error_handler.check_response(response)
    ~~~~~~~~~~~~~~~~~~~~~~~~~~~~~~~~~^^^^^^^^^^
  File "C:\Users\brad\AppData\Local\Packages\PythonSoftwareFoundation.Python.3.13_qbz5n2kfra8p0\LocalCache\local-packages\Python313\site-packages\selenium\webdriver\remote\errorhandler.py", line 229, in check_response
    raise exception_class(message, screen, stacktrace)
selenium.common.exceptions.InvalidSessionIdException: Message: invalid session id: session deleted as the browser has closed the connection
from disconnected: not connected to DevTools
  (Session info: chrome=135.0.7049.115)
Stacktrace:
	GetHandleVerifier [0x00007FF643AE5335+78597]
	GetHandleVerifier [0x00007FF643AE5390+78688]
	(No symbol) [0x00007FF6438991AA]
	(No symbol) [0x00007FF643884EF5]
	(No symbol) [0x00007FF6438A9F04]
	(No symbol) [0x00007FF64391ED0F]
	(No symbol) [0x00007FF64393EBB2]
	(No symbol) [0x00007FF643916EC3]
	(No symbol) [0x00007FF6438E03F8]
	(No symbol) [0x00007FF6438E1163]
	GetHandleVerifier [0x00007FF643D8EEED+2870973]
	GetHandleVerifier [0x00007FF643D89698+2848360]
	GetHandleVerifier [0x00007FF643DA6973+2967875]
	GetHandleVerifier [0x00007FF643B0017A+188746]
	GetHandleVerifier [0x00007FF643B0845F+222255]
	GetHandleVerifier [0x00007FF643AED2B4+111236]
	GetHandleVerifier [0x00007FF643AED462+111666]
	GetHandleVerifier [0x00007FF643AD3589+5465]
	BaseThreadInitThunk [0x00007FF9B046E8D7+23]
	RtlUserThreadStart [0x00007FF9B26D14FC+44]


2025-05-08 21:11:58,784 - INFO - Starting script...
2025-05-08 21:11:58,785 - INFO - Running script at 2025-05-08 21:11:58.785047
2025-05-08 21:11:58,785 - INFO - ChromeDriver found at C:/Users/brad/rtk_user_map/rtk_user_map/chromedriver.exe
2025-05-08 21:12:00,490 - INFO - Loaded 87 processed rows
2025-05-08 21:12:00,498 - INFO - Cleaned processed rows, retained 87 entries
2025-05-08 21:12:00,509 - INFO - Loaded 87 processed rows
2025-05-08 21:12:02,404 - INFO - Navigating to login page...
2025-05-08 21:12:07,556 - INFO - No modal detected.
2025-05-08 21:12:07,570 - INFO - Username field found.
2025-05-08 21:12:07,997 - INFO - Logging in...
2025-05-08 21:12:08,321 - INFO - Navigating to log page...
2025-05-08 21:12:08,321 - INFO - Scraping page 1...
2025-05-08 21:12:25,863 - ERROR - WebDriver error: Message: 
Stacktrace:
	GetHandleVerifier [0x00007FF629BB5335+78597]
	GetHandleVerifier [0x00007FF629BB5390+78688]
	(No symbol) [0x00007FF6299691AA]
	(No symbol) [0x00007FF6299BF149]
	(No symbol) [0x00007FF6299BF3FC]
	(No symbol) [0x00007FF629A12467]
	(No symbol) [0x00007FF6299E712F]
	(No symbol) [0x00007FF629A0F2BB]
	(No symbol) [0x00007FF6299E6EC3]
	(No symbol) [0x00007FF6299B03F8]
	(No symbol) [0x00007FF6299B1163]
	GetHandleVerifier [0x00007FF629E5EEED+2870973]
	GetHandleVerifier [0x00007FF629E59698+2848360]
	GetHandleVerifier [0x00007FF629E76973+2967875]
	GetHandleVerifier [0x00007FF629BD017A+188746]
	GetHandleVerifier [0x00007FF629BD845F+222255]
	GetHandleVerifier [0x00007FF629BBD2B4+111236]
	GetHandleVerifier [0x00007FF629BBD462+111666]
	GetHandleVerifier [0x00007FF629BA3589+5465]
	BaseThreadInitThunk [0x00007FF9B046E8D7+23]
	RtlUserThreadStart [0x00007FF9B26D14FC+44]

2025-05-08 21:12:25,895 - ERROR - Traceback (most recent call last):
  File "C:\Users\brad\rtk_user_map\rtk_user_map\geodnet_scraper_updated.py", line 256, in main
    table = WebDriverWait(driver, 15).until(
        EC.presence_of_element_located((By.TAG_NAME, "table"))
    )
  File "C:\Users\brad\AppData\Local\Packages\PythonSoftwareFoundation.Python.3.13_qbz5n2kfra8p0\LocalCache\local-packages\Python313\site-packages\selenium\webdriver\support\wait.py", line 105, in until
    raise TimeoutException(message, screen, stacktrace)
selenium.common.exceptions.TimeoutException: Message: 
Stacktrace:
	GetHandleVerifier [0x00007FF629BB5335+78597]
	GetHandleVerifier [0x00007FF629BB5390+78688]
	(No symbol) [0x00007FF6299691AA]
	(No symbol) [0x00007FF6299BF149]
	(No symbol) [0x00007FF6299BF3FC]
	(No symbol) [0x00007FF629A12467]
	(No symbol) [0x00007FF6299E712F]
	(No symbol) [0x00007FF629A0F2BB]
	(No symbol) [0x00007FF6299E6EC3]
	(No symbol) [0x00007FF6299B03F8]
	(No symbol) [0x00007FF6299B1163]
	GetHandleVerifier [0x00007FF629E5EEED+2870973]
	GetHandleVerifier [0x00007FF629E59698+2848360]
	GetHandleVerifier [0x00007FF629E76973+2967875]
	GetHandleVerifier [0x00007FF629BD017A+188746]
	GetHandleVerifier [0x00007FF629BD845F+222255]
	GetHandleVerifier [0x00007FF629BBD2B4+111236]
	GetHandleVerifier [0x00007FF629BBD462+111666]
	GetHandleVerifier [0x00007FF629BA3589+5465]
	BaseThreadInitThunk [0x00007FF9B046E8D7+23]
	RtlUserThreadStart [0x00007FF9B26D14FC+44]


2025-05-09 02:34:29,319 - INFO - Starting script...
2025-05-09 02:34:29,325 - INFO - Running script at 2025-05-09 02:34:29.323945
2025-05-09 02:34:29,329 - INFO - ChromeDriver found at /usr/bin/chromedriver
2025-05-09 02:34:32,660 - INFO - Loaded 87 processed rows
2025-05-09 02:34:32,671 - INFO - Cleaned processed rows, retained 87 entries
2025-05-09 02:34:32,696 - INFO - Loaded 87 processed rows
2025-05-09 02:34:34,352 - INFO - Navigating to login page...
2025-05-09 02:34:39,675 - INFO - No modal detected.
2025-05-09 02:34:39,711 - INFO - Username field found.
2025-05-09 02:34:40,308 - INFO - Logging in...
2025-05-09 02:34:40,614 - INFO - Navigating to log page...
2025-05-09 02:34:40,615 - INFO - Scraping page 1...
2025-05-09 02:34:41,341 - INFO - Log table found.
2025-05-09 02:34:41,428 - INFO - Found 2 rows on page 1.
2025-05-09 02:34:43,930 - INFO - No modal detected.
2025-05-09 02:34:44,079 - INFO - Navigating to page 2...
2025-05-09 02:34:44,080 - INFO - Scraping page 2...
2025-05-09 02:34:44,099 - INFO - Log table found.
2025-05-09 02:34:44,117 - INFO - Found 21 rows on page 2.
2025-05-09 02:34:45,255 - INFO - Skipping row: Empty Miner SN - Row Data: ['lakecotest', 'AUTO', '', '174.235.214.108', 'Failure', 'Account expired', '', '0', '0', '2025/05/08 22:23:28', '0', '0', 'GET /AUTO HTTP/1.1 Host: rtk.geodnet.com User-Agent: NTRIP TPA Client/0.0.0 Authorization: Basic bGFrZWNvdGVzdDpsYWtlY290ZXN0 Connection: close', '', '0', '0', '0', '0', '']
2025-05-09 02:34:45,575 - INFO - Skipping row: Empty Miner SN - Row Data: ['lakecotest', 'AUTO', '', '174.235.214.108', 'Failure', 'Account expired', '', '0', '0', '2025/05/08 22:23:24', '0', '0', 'GET /AUTO HTTP/1.1 Host: rtk.geodnet.com User-Agent: NTRIP TPA Client/0.0.0 Authorization: Basic bGFrZWNvdGVzdDpsYWtlY290ZXN0 Connection: close', '', '0', '0', '0', '0', '']
2025-05-09 02:34:45,904 - INFO - Skipping row: Empty Miner SN - Row Data: ['lakecotest', 'AUTO', '', '174.235.214.108', 'Failure', 'Account expired', '', '0', '0', '2025/05/08 22:23:18', '0', '0', 'GET /AUTO HTTP/1.1 Host: rtk.geodnet.com User-Agent: NTRIP TPA Client/0.0.0 Authorization: Basic bGFrZWNvdGVzdDpsYWtlY290ZXN0 Connection: close', '', '0', '0', '0', '0', '']
2025-05-09 02:34:46,265 - INFO - Skipping row: Empty Miner SN - Row Data: ['lakecotest', 'AUTO', '', '174.235.214.108', 'Failure', 'Account expired', '', '0', '0', '2025/05/08 22:23:13', '0', '0', 'GET /AUTO HTTP/1.1 Host: rtk.geodnet.com User-Agent: NTRIP TPA Client/0.0.0 Authorization: Basic bGFrZWNvdGVzdDpsYWtlY290ZXN0 Connection: close', '', '0', '0', '0', '0', '']
2025-05-09 02:34:46,595 - INFO - Skipping row: Empty Miner SN - Row Data: ['lakecotest', 'AUTO', '', '174.235.214.108', 'Failure', 'Account expired', '', '0', '0', '2025/05/08 22:23:08', '0', '0', 'GET /AUTO HTTP/1.1 Host: rtk.geodnet.com User-Agent: NTRIP TPA Client/0.0.0 Authorization: Basic bGFrZWNvdGVzdDpsYWtlY290ZXN0 Connection: close', '', '0', '0', '0', '0', '']
2025-05-09 02:34:46,920 - INFO - Skipping row: Empty Miner SN - Row Data: ['lakecotest', 'AUTO', '', '174.235.214.108', 'Failure', 'Account expired', '', '0', '0', '2025/05/08 22:23:03', '0', '0', 'GET /AUTO HTTP/1.1 Host: rtk.geodnet.com User-Agent: NTRIP TPA Client/0.0.0 Authorization: Basic bGFrZWNvdGVzdDpsYWtlY290ZXN0 Connection: close', '', '0', '0', '0', '0', '']
2025-05-09 02:34:47,228 - INFO - Skipping row: Empty Miner SN - Row Data: ['lakecotest', 'AUTO', '', '174.235.214.108', 'Failure', 'Account expired', '', '0', '0', '2025/05/08 22:22:58', '0', '0', 'GET /AUTO HTTP/1.1 Host: rtk.geodnet.com User-Agent: NTRIP TPA Client/0.0.0 Authorization: Basic bGFrZWNvdGVzdDpsYWtlY290ZXN0 Connection: close', '', '0', '0', '0', '0', '']
2025-05-09 02:34:47,559 - INFO - Skipping row: Empty Miner SN - Row Data: ['lakecotest', 'AUTO', '', '174.235.214.108', 'Failure', 'Account expired', '', '0', '0', '2025/05/08 22:22:53', '0', '0', 'GET /AUTO HTTP/1.1 Host: rtk.geodnet.com User-Agent: NTRIP TPA Client/0.0.0 Authorization: Basic bGFrZWNvdGVzdDpsYWtlY290ZXN0 Connection: close', '', '0', '0', '0', '0', '']
2025-05-09 02:34:47,921 - INFO - Skipping row: Empty Miner SN - Row Data: ['lakecotest', 'AUTO', '', '174.235.214.108', 'Failure', 'Account expired', '', '0', '0', '2025/05/08 22:22:48', '0', '0', 'GET /AUTO HTTP/1.1 Host: rtk.geodnet.com User-Agent: NTRIP TPA Client/0.0.0 Authorization: Basic bGFrZWNvdGVzdDpsYWtlY290ZXN0 Connection: close', '', '0', '0', '0', '0', '']
2025-05-09 02:34:48,263 - INFO - Skipping row: Empty Miner SN - Row Data: ['lakecotest', 'AUTO', '', '174.235.214.108', 'Failure', 'Account expired', '', '0', '0', '2025/05/08 22:22:43', '0', '0', 'GET /AUTO HTTP/1.1 Host: rtk.geodnet.com User-Agent: NTRIP TPA Client/0.0.0 Authorization: Basic bGFrZWNvdGVzdDpsYWtlY290ZXN0 Connection: close', '', '0', '0', '0', '0', '']
2025-05-09 02:34:48,595 - INFO - Skipping row: Empty Miner SN - Row Data: ['lakecotest', 'AUTO', '', '174.235.214.108', 'Failure', 'Account expired', '', '0', '0', '2025/05/08 22:22:38', '0', '0', 'GET /AUTO HTTP/1.1 Host: rtk.geodnet.com User-Agent: NTRIP TPA Client/0.0.0 Authorization: Basic bGFrZWNvdGVzdDpsYWtlY290ZXN0 Connection: close', '', '0', '0', '0', '0', '']
2025-05-09 02:34:48,893 - INFO - Skipping row: Empty Miner SN - Row Data: ['lakecotest', 'AUTO', '', '174.235.214.108', 'Failure', 'Account expired', '', '0', '0', '2025/05/08 22:22:33', '0', '0', 'GET /AUTO HTTP/1.1 Host: rtk.geodnet.com User-Agent: NTRIP TPA Client/0.0.0 Authorization: Basic bGFrZWNvdGVzdDpsYWtlY290ZXN0 Connection: close', '', '0', '0', '0', '0', '']
2025-05-09 02:34:49,206 - INFO - Skipping row: Empty Miner SN - Row Data: ['lakecotest', 'AUTO', '', '174.235.214.108', 'Failure', 'Account expired', '', '0', '0', '2025/05/08 22:22:28', '0', '0', 'GET /AUTO HTTP/1.1 Host: rtk.geodnet.com User-Agent: NTRIP TPA Client/0.0.0 Authorization: Basic bGFrZWNvdGVzdDpsYWtlY290ZXN0 Connection: close', '', '0', '0', '0', '0', '']
2025-05-09 02:34:49,612 - INFO - Skipping row: Empty Miner SN - Row Data: ['lakecotest', 'AUTO', '', '174.235.214.108', 'Failure', 'Account expired', '', '0', '0', '2025/05/08 22:22:23', '0', '0', 'GET /AUTO HTTP/1.1 Host: rtk.geodnet.com User-Agent: NTRIP TPA Client/0.0.0 Authorization: Basic bGFrZWNvdGVzdDpsYWtlY290ZXN0 Connection: close', '', '0', '0', '0', '0', '']
2025-05-09 02:34:49,916 - INFO - Skipping row: Empty Miner SN - Row Data: ['lakecotest', 'AUTO', '', '174.235.214.108', 'Failure', 'Account expired', '', '0', '0', '2025/05/08 22:22:19', '0', '0', 'GET /AUTO HTTP/1.1 Host: rtk.geodnet.com User-Agent: NTRIP TPA Client/0.0.0 Authorization: Basic bGFrZWNvdGVzdDpsYWtlY290ZXN0 Connection: close', '', '0', '0', '0', '0', '']
2025-05-09 02:34:50,190 - INFO - Skipping row: Empty Miner SN - Row Data: ['lakecotest', 'AUTO', '', '174.235.214.108', 'Failure', 'Account expired', '', '0', '0', '2025/05/08 22:22:13', '0', '0', 'GET /AUTO HTTP/1.1 Host: rtk.geodnet.com User-Agent: NTRIP TPA Client/0.0.0 Authorization: Basic bGFrZWNvdGVzdDpsYWtlY290ZXN0 Connection: close', '', '0', '0', '0', '0', '']
2025-05-09 02:34:50,431 - INFO - Skipping row: Empty Miner SN - Row Data: ['lakecotest', 'AUTO', '', '174.235.214.108', 'Failure', 'Account expired', '', '0', '0', '2025/05/08 22:22:08', '0', '0', 'GET /AUTO HTTP/1.1 Host: rtk.geodnet.com User-Agent: NTRIP TPA Client/0.0.0 Authorization: Basic bGFrZWNvdGVzdDpsYWtlY290ZXN0 Connection: close', '', '0', '0', '0', '0', '']
2025-05-09 02:34:50,705 - INFO - Skipping row: Empty Miner SN - Row Data: ['lakecotest', 'AUTO', '', '174.235.214.108', 'Failure', 'Account expired', '', '0', '0', '2025/05/08 22:22:03', '0', '0', 'GET /AUTO HTTP/1.1 Host: rtk.geodnet.com User-Agent: NTRIP TPA Client/0.0.0 Authorization: Basic bGFrZWNvdGVzdDpsYWtlY290ZXN0 Connection: close', '', '0', '0', '0', '0', '']
2025-05-09 02:34:50,982 - INFO - Skipping row: Empty Miner SN - Row Data: ['lakecotest', 'AUTO', '', '174.235.214.108', 'Failure', 'Account expired', '', '0', '0', '2025/05/08 22:21:58', '0', '0', 'GET /AUTO HTTP/1.1 Host: rtk.geodnet.com User-Agent: NTRIP TPA Client/0.0.0 Authorization: Basic bGFrZWNvdGVzdDpsYWtlY290ZXN0 Connection: close', '', '0', '0', '0', '0', '']
2025-05-09 02:34:53,088 - INFO - No modal detected.
2025-05-09 02:34:53,230 - INFO - Navigating to page 3...
2025-05-09 02:34:53,231 - INFO - Scraping page 3...
2025-05-09 02:34:53,244 - INFO - Log table found.
2025-05-09 02:34:53,265 - INFO - Found 21 rows on page 3.
2025-05-09 02:34:53,642 - INFO - Skipping row: Empty Miner SN - Row Data: ['lakecotest', 'AUTO', '', '174.235.214.108', 'Failure', 'Account expired', '', '0', '0', '2025/05/08 22:21:53', '0', '0', 'GET /AUTO HTTP/1.1 Host: rtk.geodnet.com User-Agent: NTRIP TPA Client/0.0.0 Authorization: Basic bGFrZWNvdGVzdDpsYWtlY290ZXN0 Connection: close', '', '0', '0', '0', '0', '']
2025-05-09 02:34:53,965 - INFO - Skipping row: Empty Miner SN - Row Data: ['lakecotest', 'AUTO', '', '174.235.214.108', 'Failure', 'Account expired', '', '0', '0', '2025/05/08 22:21:48', '0', '0', 'GET /AUTO HTTP/1.1 Host: rtk.geodnet.com User-Agent: NTRIP TPA Client/0.0.0 Authorization: Basic bGFrZWNvdGVzdDpsYWtlY290ZXN0 Connection: close', '', '0', '0', '0', '0', '']
2025-05-09 02:34:54,241 - INFO - Skipping row: Empty Miner SN - Row Data: ['lakecotest', 'AUTO', '', '174.235.214.108', 'Failure', 'Account expired', '', '0', '0', '2025/05/08 22:21:43', '0', '0', 'GET /AUTO HTTP/1.1 Host: rtk.geodnet.com User-Agent: NTRIP TPA Client/0.0.0 Authorization: Basic bGFrZWNvdGVzdDpsYWtlY290ZXN0 Connection: close', '', '0', '0', '0', '0', '']
2025-05-09 02:34:54,500 - INFO - Skipping row: Empty Miner SN - Row Data: ['lakecotest', 'AUTO', '', '174.235.214.108', 'Failure', 'Account expired', '', '0', '0', '2025/05/08 22:21:38', '0', '0', 'GET /AUTO HTTP/1.1 Host: rtk.geodnet.com User-Agent: NTRIP TPA Client/0.0.0 Authorization: Basic bGFrZWNvdGVzdDpsYWtlY290ZXN0 Connection: close', '', '0', '0', '0', '0', '']
2025-05-09 02:34:54,775 - INFO - Skipping row: Empty Miner SN - Row Data: ['lakecotest', 'AUTO', '', '174.235.214.108', 'Failure', 'Account expired', '', '0', '0', '2025/05/08 22:21:33', '0', '0', 'GET /AUTO HTTP/1.1 Host: rtk.geodnet.com User-Agent: NTRIP TPA Client/0.0.0 Authorization: Basic bGFrZWNvdGVzdDpsYWtlY290ZXN0 Connection: close', '', '0', '0', '0', '0', '']
2025-05-09 02:34:55,056 - INFO - Skipping row: Empty Miner SN - Row Data: ['lakecotest', 'AUTO', '', '174.235.214.108', 'Failure', 'Account expired', '', '0', '0', '2025/05/08 22:21:28', '0', '0', 'GET /AUTO HTTP/1.1 Host: rtk.geodnet.com User-Agent: NTRIP TPA Client/0.0.0 Authorization: Basic bGFrZWNvdGVzdDpsYWtlY290ZXN0 Connection: close', '', '0', '0', '0', '0', '']
2025-05-09 02:34:55,302 - INFO - Skipping row: Empty Miner SN - Row Data: ['lakecotest', 'AUTO', '', '174.235.214.108', 'Failure', 'Account expired', '', '0', '0', '2025/05/08 22:21:23', '0', '0', 'GET /AUTO HTTP/1.1 Host: rtk.geodnet.com User-Agent: NTRIP TPA Client/0.0.0 Authorization: Basic bGFrZWNvdGVzdDpsYWtlY290ZXN0 Connection: close', '', '0', '0', '0', '0', '']
2025-05-09 02:34:55,524 - INFO - Skipping row: Empty Miner SN - Row Data: ['lakecotest', 'AUTO', '', '174.235.214.108', 'Failure', 'Account expired', '', '0', '0', '2025/05/08 22:21:18', '0', '0', 'GET /AUTO HTTP/1.1 Host: rtk.geodnet.com User-Agent: NTRIP TPA Client/0.0.0 Authorization: Basic bGFrZWNvdGVzdDpsYWtlY290ZXN0 Connection: close', '', '0', '0', '0', '0', '']
2025-05-09 02:34:55,745 - INFO - Skipping row: Empty Miner SN - Row Data: ['lakecotest', 'AUTO', '', '174.235.214.108', 'Failure', 'Account expired', '', '0', '0', '2025/05/08 22:21:13', '0', '0', 'GET /AUTO HTTP/1.1 Host: rtk.geodnet.com User-Agent: NTRIP TPA Client/0.0.0 Authorization: Basic bGFrZWNvdGVzdDpsYWtlY290ZXN0 Connection: close', '', '0', '0', '0', '0', '']
2025-05-09 02:34:55,978 - INFO - Skipping row: Empty Miner SN - Row Data: ['lakecotest', 'AUTO', '', '174.235.214.108', 'Failure', 'Account expired', '', '0', '0', '2025/05/08 22:21:08', '0', '0', 'GET /AUTO HTTP/1.1 Host: rtk.geodnet.com User-Agent: NTRIP TPA Client/0.0.0 Authorization: Basic bGFrZWNvdGVzdDpsYWtlY290ZXN0 Connection: close', '', '0', '0', '0', '0', '']
2025-05-09 02:34:56,196 - INFO - Skipping row: Empty Miner SN - Row Data: ['lakecotest', 'AUTO', '', '174.235.214.108', 'Failure', 'Account expired', '', '0', '0', '2025/05/08 22:21:03', '0', '0', 'GET /AUTO HTTP/1.1 Host: rtk.geodnet.com User-Agent: NTRIP TPA Client/0.0.0 Authorization: Basic bGFrZWNvdGVzdDpsYWtlY290ZXN0 Connection: close', '', '0', '0', '0', '0', '']
2025-05-09 02:34:56,403 - INFO - Skipping row: Empty Miner SN - Row Data: ['lakecotest', 'AUTO', '', '174.235.214.108', 'Failure', 'Account expired', '', '0', '0', '2025/05/08 22:20:58', '0', '0', 'GET /AUTO HTTP/1.1 Host: rtk.geodnet.com User-Agent: NTRIP TPA Client/0.0.0 Authorization: Basic bGFrZWNvdGVzdDpsYWtlY290ZXN0 Connection: close', '', '0', '0', '0', '0', '']
2025-05-09 02:34:56,620 - INFO - Skipping row: Empty Miner SN - Row Data: ['lakecotest', 'AUTO', '', '174.235.214.108', 'Failure', 'Account expired', '', '0', '0', '2025/05/08 22:20:53', '0', '0', 'GET /AUTO HTTP/1.1 Host: rtk.geodnet.com User-Agent: NTRIP TPA Client/0.0.0 Authorization: Basic bGFrZWNvdGVzdDpsYWtlY290ZXN0 Connection: close', '', '0', '0', '0', '0', '']
2025-05-09 02:34:56,879 - INFO - Skipping row: Empty Miner SN - Row Data: ['lakecotest', 'AUTO', '', '174.235.214.108', 'Failure', 'Account expired', '', '0', '0', '2025/05/08 22:20:48', '0', '0', 'GET /AUTO HTTP/1.1 Host: rtk.geodnet.com User-Agent: NTRIP TPA Client/0.0.0 Authorization: Basic bGFrZWNvdGVzdDpsYWtlY290ZXN0 Connection: close', '', '0', '0', '0', '0', '']
2025-05-09 02:34:57,121 - INFO - Skipping row: Empty Miner SN - Row Data: ['lakecotest', 'AUTO', '', '174.235.214.108', 'Failure', 'Account expired', '', '0', '0', '2025/05/08 22:20:43', '0', '0', 'GET /AUTO HTTP/1.1 Host: rtk.geodnet.com User-Agent: NTRIP TPA Client/0.0.0 Authorization: Basic bGFrZWNvdGVzdDpsYWtlY290ZXN0 Connection: close', '', '0', '0', '0', '0', '']
2025-05-09 02:34:57,346 - INFO - Skipping row: Empty Miner SN - Row Data: ['lakecotest', 'AUTO', '', '174.235.214.108', 'Failure', 'Account expired', '', '0', '0', '2025/05/08 22:20:38', '0', '0', 'GET /AUTO HTTP/1.1 Host: rtk.geodnet.com User-Agent: NTRIP TPA Client/0.0.0 Authorization: Basic bGFrZWNvdGVzdDpsYWtlY290ZXN0 Connection: close', '', '0', '0', '0', '0', '']
2025-05-09 02:34:57,568 - INFO - Skipping row: Empty Miner SN - Row Data: ['lakecotest', 'AUTO', '', '174.235.214.108', 'Failure', 'Account expired', '', '0', '0', '2025/05/08 22:20:33', '0', '0', 'GET /AUTO HTTP/1.1 Host: rtk.geodnet.com User-Agent: NTRIP TPA Client/0.0.0 Authorization: Basic bGFrZWNvdGVzdDpsYWtlY290ZXN0 Connection: close', '', '0', '0', '0', '0', '']
2025-05-09 02:34:57,781 - INFO - Skipping row: Empty Miner SN - Row Data: ['lakecotest', 'AUTO', '', '174.235.214.108', 'Failure', 'Account expired', '', '0', '0', '2025/05/08 22:20:28', '0', '0', 'GET /AUTO HTTP/1.1 Host: rtk.geodnet.com User-Agent: NTRIP TPA Client/0.0.0 Authorization: Basic bGFrZWNvdGVzdDpsYWtlY290ZXN0 Connection: close', '', '0', '0', '0', '0', '']
2025-05-09 02:34:57,989 - INFO - Skipping row: Empty Miner SN - Row Data: ['lakecotest', 'AUTO', '', '174.235.214.108', 'Failure', 'Account expired', '', '0', '0', '2025/05/08 22:20:23', '0', '0', 'GET /AUTO HTTP/1.1 Host: rtk.geodnet.com User-Agent: NTRIP TPA Client/0.0.0 Authorization: Basic bGFrZWNvdGVzdDpsYWtlY290ZXN0 Connection: close', '', '0', '0', '0', '0', '']
2025-05-09 02:34:58,235 - INFO - Skipping row: Empty Miner SN - Row Data: ['lakecotest', 'AUTO', '', '174.235.214.108', 'Failure', 'Account expired', '', '0', '0', '2025/05/08 22:20:18', '0', '0', 'GET /AUTO HTTP/1.1 Host: rtk.geodnet.com User-Agent: NTRIP TPA Client/0.0.0 Authorization: Basic bGFrZWNvdGVzdDpsYWtlY290ZXN0 Connection: close', '', '0', '0', '0', '0', '']
2025-05-09 02:35:00,391 - INFO - No modal detected.
2025-05-09 02:35:00,524 - INFO - Navigating to page 4...
2025-05-09 02:35:00,525 - INFO - Scraping page 4...
2025-05-09 02:35:00,544 - INFO - Log table found.
2025-05-09 02:35:00,562 - INFO - Found 21 rows on page 4.
2025-05-09 02:35:01,179 - INFO - Skipping row: Empty Miner SN - Row Data: ['lakecotest', 'AUTO', '', '174.235.214.108', 'Failure', 'Account expired', '', '0', '0', '2025/05/08 22:20:13', '0', '0', 'GET /AUTO HTTP/1.1 Host: rtk.geodnet.com User-Agent: NTRIP TPA Client/0.0.0 Authorization: Basic bGFrZWNvdGVzdDpsYWtlY290ZXN0 Connection: close', '', '0', '0', '0', '0', '']
2025-05-09 02:35:01,565 - INFO - Skipping row: Empty Miner SN - Row Data: ['lakecotest', 'AUTO', '', '174.235.214.108', 'Failure', 'Account expired', '', '0', '0', '2025/05/08 22:20:08', '0', '0', 'GET /AUTO HTTP/1.1 Host: rtk.geodnet.com User-Agent: NTRIP TPA Client/0.0.0 Authorization: Basic bGFrZWNvdGVzdDpsYWtlY290ZXN0 Connection: close', '', '0', '0', '0', '0', '']
2025-05-09 02:35:01,941 - INFO - Skipping row: Empty Miner SN - Row Data: ['lakecotest', 'AUTO', '', '174.235.214.108', 'Failure', 'Account expired', '', '0', '0', '2025/05/08 22:20:03', '0', '0', 'GET /AUTO HTTP/1.1 Host: rtk.geodnet.com User-Agent: NTRIP TPA Client/0.0.0 Authorization: Basic bGFrZWNvdGVzdDpsYWtlY290ZXN0 Connection: close', '', '0', '0', '0', '0', '']
2025-05-09 02:35:02,976 - INFO - Skipping row: Empty Miner SN - Row Data: ['lakecotest', 'AUTO', '', '174.235.214.108', 'Failure', 'Account expired', '', '0', '0', '2025/05/08 22:19:58', '0', '0', 'GET /AUTO HTTP/1.1 Host: rtk.geodnet.com User-Agent: NTRIP TPA Client/0.0.0 Authorization: Basic bGFrZWNvdGVzdDpsYWtlY290ZXN0 Connection: close', '', '0', '0', '0', '0', '']
2025-05-09 02:35:03,286 - INFO - Skipping row: Empty Miner SN - Row Data: ['lakecotest', 'AUTO', '', '174.235.214.108', 'Failure', 'Account expired', '', '0', '0', '2025/05/08 22:19:53', '0', '0', 'GET /AUTO HTTP/1.1 Host: rtk.geodnet.com User-Agent: NTRIP TPA Client/0.0.0 Authorization: Basic bGFrZWNvdGVzdDpsYWtlY290ZXN0 Connection: close', '', '0', '0', '0', '0', '']
2025-05-09 02:35:03,569 - INFO - Skipping row: Empty Miner SN - Row Data: ['lakecotest', 'AUTO', '', '174.235.214.108', 'Failure', 'Account expired', '', '0', '0', '2025/05/08 22:19:48', '0', '0', 'GET /AUTO HTTP/1.1 Host: rtk.geodnet.com User-Agent: NTRIP TPA Client/0.0.0 Authorization: Basic bGFrZWNvdGVzdDpsYWtlY290ZXN0 Connection: close', '', '0', '0', '0', '0', '']
2025-05-09 02:35:03,871 - INFO - Skipping row: Empty Miner SN - Row Data: ['lakecotest', 'AUTO', '', '174.235.214.108', 'Failure', 'Account expired', '', '0', '0', '2025/05/08 22:19:43', '0', '0', 'GET /AUTO HTTP/1.1 Host: rtk.geodnet.com User-Agent: NTRIP TPA Client/0.0.0 Authorization: Basic bGFrZWNvdGVzdDpsYWtlY290ZXN0 Connection: close', '', '0', '0', '0', '0', '']
2025-05-09 02:35:04,172 - INFO - Skipping row: Empty Miner SN - Row Data: ['lakecotest', 'AUTO', '', '174.235.214.108', 'Failure', 'Account expired', '', '0', '0', '2025/05/08 22:19:38', '0', '0', 'GET /AUTO HTTP/1.1 Host: rtk.geodnet.com User-Agent: NTRIP TPA Client/0.0.0 Authorization: Basic bGFrZWNvdGVzdDpsYWtlY290ZXN0 Connection: close', '', '0', '0', '0', '0', '']
2025-05-09 02:35:05,014 - INFO - Skipping row: Empty Miner SN - Row Data: ['lakecotest', 'AUTO', '', '174.235.214.108', 'Failure', 'Account expired', '', '0', '0', '2025/05/08 22:19:33', '0', '0', 'GET /AUTO HTTP/1.1 Host: rtk.geodnet.com User-Agent: NTRIP TPA Client/0.0.0 Authorization: Basic bGFrZWNvdGVzdDpsYWtlY290ZXN0 Connection: close', '', '0', '0', '0', '0', '']
2025-05-09 02:35:05,271 - INFO - Skipping row: Empty Miner SN - Row Data: ['lakecotest', 'AUTO', '', '174.235.214.108', 'Failure', 'Account expired', '', '0', '0', '2025/05/08 22:19:28', '0', '0', 'GET /AUTO HTTP/1.1 Host: rtk.geodnet.com User-Agent: NTRIP TPA Client/0.0.0 Authorization: Basic bGFrZWNvdGVzdDpsYWtlY290ZXN0 Connection: close', '', '0', '0', '0', '0', '']
2025-05-09 02:35:05,514 - INFO - Skipping row: Empty Miner SN - Row Data: ['lakecotest', 'AUTO', '', '174.235.214.108', 'Failure', 'Account expired', '', '0', '0', '2025/05/08 22:19:23', '0', '0', 'GET /AUTO HTTP/1.1 Host: rtk.geodnet.com User-Agent: NTRIP TPA Client/0.0.0 Authorization: Basic bGFrZWNvdGVzdDpsYWtlY290ZXN0 Connection: close', '', '0', '0', '0', '0', '']
2025-05-09 02:35:05,746 - INFO - Skipping row: Empty Miner SN - Row Data: ['lakecotest', 'AUTO', '', '174.235.214.108', 'Failure', 'Account expired', '', '0', '0', '2025/05/08 22:19:18', '0', '0', 'GET /AUTO HTTP/1.1 Host: rtk.geodnet.com User-Agent: NTRIP TPA Client/0.0.0 Authorization: Basic bGFrZWNvdGVzdDpsYWtlY290ZXN0 Connection: close', '', '0', '0', '0', '0', '']
2025-05-09 02:35:05,969 - INFO - Skipping row: Empty Miner SN - Row Data: ['lakecotest', 'AUTO', '', '174.235.214.108', 'Failure', 'Account expired', '', '0', '0', '2025/05/08 22:19:13', '0', '0', 'GET /AUTO HTTP/1.1 Host: rtk.geodnet.com User-Agent: NTRIP TPA Client/0.0.0 Authorization: Basic bGFrZWNvdGVzdDpsYWtlY290ZXN0 Connection: close', '', '0', '0', '0', '0', '']
2025-05-09 02:35:06,185 - INFO - Skipping row: Empty Miner SN - Row Data: ['lakecotest', 'AUTO', '', '174.235.214.108', 'Failure', 'Account expired', '', '0', '0', '2025/05/08 22:19:08', '0', '0', 'GET /AUTO HTTP/1.1 Host: rtk.geodnet.com User-Agent: NTRIP TPA Client/0.0.0 Authorization: Basic bGFrZWNvdGVzdDpsYWtlY290ZXN0 Connection: close', '', '0', '0', '0', '0', '']
2025-05-09 02:35:06,482 - INFO - Skipping row: Empty Miner SN - Row Data: ['lakecotest', 'AUTO', '', '174.235.214.108', 'Failure', 'Account expired', '', '0', '0', '2025/05/08 22:19:03', '0', '0', 'GET /AUTO HTTP/1.1 Host: rtk.geodnet.com User-Agent: NTRIP TPA Client/0.0.0 Authorization: Basic bGFrZWNvdGVzdDpsYWtlY290ZXN0 Connection: close', '', '0', '0', '0', '0', '']
2025-05-09 02:35:06,745 - INFO - Skipping row: Empty Miner SN - Row Data: ['lakecotest', 'AUTO', '', '174.235.214.108', 'Failure', 'Account expired', '', '0', '0', '2025/05/08 22:18:58', '0', '0', 'GET /AUTO HTTP/1.1 Host: rtk.geodnet.com User-Agent: NTRIP TPA Client/0.0.0 Authorization: Basic bGFrZWNvdGVzdDpsYWtlY290ZXN0 Connection: close', '', '0', '0', '0', '0', '']
2025-05-09 02:35:07,012 - INFO - Skipping row: Empty Miner SN - Row Data: ['lakecotest', 'AUTO', '', '174.235.214.108', 'Failure', 'Account expired', '', '0', '0', '2025/05/08 22:18:53', '0', '0', 'GET /AUTO HTTP/1.1 Host: rtk.geodnet.com User-Agent: NTRIP TPA Client/0.0.0 Authorization: Basic bGFrZWNvdGVzdDpsYWtlY290ZXN0 Connection: close', '', '0', '0', '0', '0', '']
2025-05-09 02:35:07,253 - INFO - Skipping row: Empty Miner SN - Row Data: ['lakecotest', 'AUTO', '', '174.235.214.108', 'Failure', 'Account expired', '', '0', '0', '2025/05/08 22:18:48', '0', '0', 'GET /AUTO HTTP/1.1 Host: rtk.geodnet.com User-Agent: NTRIP TPA Client/0.0.0 Authorization: Basic bGFrZWNvdGVzdDpsYWtlY290ZXN0 Connection: close', '', '0', '0', '0', '0', '']
2025-05-09 02:35:09,364 - INFO - No modal detected.
2025-05-09 02:35:09,486 - INFO - Navigating to page 5...
2025-05-09 02:35:09,490 - INFO - Scraping page 5...
2025-05-09 02:35:09,506 - INFO - Log table found.
2025-05-09 02:35:09,528 - INFO - Found 21 rows on page 5.
2025-05-09 02:35:09,985 - INFO - Skipping row: Empty Miner SN - Row Data: ['lakecotest', 'AUTO', '', '174.235.214.108', 'Failure', 'Account expired', '', '0', '0', '2025/05/08 22:18:43', '0', '0', 'GET /AUTO HTTP/1.1 Host: rtk.geodnet.com User-Agent: NTRIP TPA Client/0.0.0 Authorization: Basic bGFrZWNvdGVzdDpsYWtlY290ZXN0 Connection: close', '', '0', '0', '0', '0', '']
2025-05-09 02:35:10,292 - INFO - Skipping row: Empty Miner SN - Row Data: ['lakecotest', 'AUTO', '', '174.235.214.108', 'Failure', 'Account expired', '', '0', '0', '2025/05/08 22:18:38', '0', '0', 'GET /AUTO HTTP/1.1 Host: rtk.geodnet.com User-Agent: NTRIP TPA Client/0.0.0 Authorization: Basic bGFrZWNvdGVzdDpsYWtlY290ZXN0 Connection: close', '', '0', '0', '0', '0', '']
2025-05-09 02:35:10,604 - INFO - Skipping row: Empty Miner SN - Row Data: ['lakecotest', 'AUTO', '', '174.235.214.108', 'Failure', 'Account expired', '', '0', '0', '2025/05/08 22:18:33', '0', '0', 'GET /AUTO HTTP/1.1 Host: rtk.geodnet.com User-Agent: NTRIP TPA Client/0.0.0 Authorization: Basic bGFrZWNvdGVzdDpsYWtlY290ZXN0 Connection: close', '', '0', '0', '0', '0', '']
2025-05-09 02:35:10,956 - INFO - Skipping row: Empty Miner SN - Row Data: ['lakecotest', 'AUTO', '', '174.235.214.108', 'Failure', 'Account expired', '', '0', '0', '2025/05/08 22:18:28', '0', '0', 'GET /AUTO HTTP/1.1 Host: rtk.geodnet.com User-Agent: NTRIP TPA Client/0.0.0 Authorization: Basic bGFrZWNvdGVzdDpsYWtlY290ZXN0 Connection: close', '', '0', '0', '0', '0', '']
2025-05-09 02:35:11,298 - INFO - Skipping row: Empty Miner SN - Row Data: ['lakecotest', 'AUTO', '', '174.235.214.108', 'Failure', 'Account expired', '', '0', '0', '2025/05/08 22:18:23', '0', '0', 'GET /AUTO HTTP/1.1 Host: rtk.geodnet.com User-Agent: NTRIP TPA Client/0.0.0 Authorization: Basic bGFrZWNvdGVzdDpsYWtlY290ZXN0 Connection: close', '', '0', '0', '0', '0', '']
2025-05-09 02:35:11,600 - INFO - Skipping row: Empty Miner SN - Row Data: ['lakecotest', 'AUTO', '', '174.235.214.108', 'Failure', 'Account expired', '', '0', '0', '2025/05/08 22:18:18', '0', '0', 'GET /AUTO HTTP/1.1 Host: rtk.geodnet.com User-Agent: NTRIP TPA Client/0.0.0 Authorization: Basic bGFrZWNvdGVzdDpsYWtlY290ZXN0 Connection: close', '', '0', '0', '0', '0', '']
2025-05-09 02:35:11,898 - INFO - Skipping row: Empty Miner SN - Row Data: ['lakecotest', 'AUTO', '', '174.235.214.108', 'Failure', 'Account expired', '', '0', '0', '2025/05/08 22:18:13', '0', '0', 'GET /AUTO HTTP/1.1 Host: rtk.geodnet.com User-Agent: NTRIP TPA Client/0.0.0 Authorization: Basic bGFrZWNvdGVzdDpsYWtlY290ZXN0 Connection: close', '', '0', '0', '0', '0', '']
2025-05-09 02:35:12,204 - INFO - Skipping row: Empty Miner SN - Row Data: ['lakecotest', 'AUTO', '', '174.235.214.108', 'Failure', 'Account expired', '', '0', '0', '2025/05/08 22:18:08', '0', '0', 'GET /AUTO HTTP/1.1 Host: rtk.geodnet.com User-Agent: NTRIP TPA Client/0.0.0 Authorization: Basic bGFrZWNvdGVzdDpsYWtlY290ZXN0 Connection: close', '', '0', '0', '0', '0', '']
2025-05-09 02:35:12,518 - INFO - Skipping row: Empty Miner SN - Row Data: ['lakecotest', 'AUTO', '', '174.235.214.108', 'Failure', 'Account expired', '', '0', '0', '2025/05/08 22:18:03', '0', '0', 'GET /AUTO HTTP/1.1 Host: rtk.geodnet.com User-Agent: NTRIP TPA Client/0.0.0 Authorization: Basic bGFrZWNvdGVzdDpsYWtlY290ZXN0 Connection: close', '', '0', '0', '0', '0', '']
2025-05-09 02:35:12,814 - INFO - Skipping row: Empty Miner SN - Row Data: ['lakecotest', 'AUTO', '', '174.235.214.108', 'Failure', 'Account expired', '', '0', '0', '2025/05/08 22:17:58', '0', '0', 'GET /AUTO HTTP/1.1 Host: rtk.geodnet.com User-Agent: NTRIP TPA Client/0.0.0 Authorization: Basic bGFrZWNvdGVzdDpsYWtlY290ZXN0 Connection: close', '', '0', '0', '0', '0', '']
2025-05-09 02:35:13,105 - INFO - Skipping row: Empty Miner SN - Row Data: ['lakecotest', 'AUTO', '', '174.235.214.108', 'Failure', 'Account expired', '', '0', '0', '2025/05/08 22:17:53', '0', '0', 'GET /AUTO HTTP/1.1 Host: rtk.geodnet.com User-Agent: NTRIP TPA Client/0.0.0 Authorization: Basic bGFrZWNvdGVzdDpsYWtlY290ZXN0 Connection: close', '', '0', '0', '0', '0', '']
2025-05-09 02:35:13,409 - INFO - Skipping row: Empty Miner SN - Row Data: ['lakecotest', 'AUTO', '', '174.235.214.108', 'Failure', 'Account expired', '', '0', '0', '2025/05/08 22:17:48', '0', '0', 'GET /AUTO HTTP/1.1 Host: rtk.geodnet.com User-Agent: NTRIP TPA Client/0.0.0 Authorization: Basic bGFrZWNvdGVzdDpsYWtlY290ZXN0 Connection: close', '', '0', '0', '0', '0', '']
2025-05-09 02:35:13,674 - INFO - Skipping row: Empty Miner SN - Row Data: ['lakecotest', 'AUTO', '', '174.235.214.108', 'Failure', 'Account expired', '', '0', '0', '2025/05/08 22:17:43', '0', '0', 'GET /AUTO HTTP/1.1 Host: rtk.geodnet.com User-Agent: NTRIP TPA Client/0.0.0 Authorization: Basic bGFrZWNvdGVzdDpsYWtlY290ZXN0 Connection: close', '', '0', '0', '0', '0', '']
2025-05-09 02:35:13,955 - INFO - Skipping row: Empty Miner SN - Row Data: ['lakecotest', 'AUTO', '', '174.235.214.108', 'Failure', 'Account expired', '', '0', '0', '2025/05/08 22:17:38', '0', '0', 'GET /AUTO HTTP/1.1 Host: rtk.geodnet.com User-Agent: NTRIP TPA Client/0.0.0 Authorization: Basic bGFrZWNvdGVzdDpsYWtlY290ZXN0 Connection: close', '', '0', '0', '0', '0', '']
2025-05-09 02:35:14,195 - INFO - Skipping row: Empty Miner SN - Row Data: ['lakecotest', 'AUTO', '', '174.235.214.108', 'Failure', 'Account expired', '', '0', '0', '2025/05/08 22:17:33', '0', '0', 'GET /AUTO HTTP/1.1 Host: rtk.geodnet.com User-Agent: NTRIP TPA Client/0.0.0 Authorization: Basic bGFrZWNvdGVzdDpsYWtlY290ZXN0 Connection: close', '', '0', '0', '0', '0', '']
2025-05-09 02:35:14,414 - INFO - Skipping row: Empty Miner SN - Row Data: ['lakecotest', 'AUTO', '', '174.235.214.108', 'Failure', 'Account expired', '', '0', '0', '2025/05/08 22:17:28', '0', '0', 'GET /AUTO HTTP/1.1 Host: rtk.geodnet.com User-Agent: NTRIP TPA Client/0.0.0 Authorization: Basic bGFrZWNvdGVzdDpsYWtlY290ZXN0 Connection: close', '', '0', '0', '0', '0', '']
2025-05-09 02:35:14,648 - INFO - Skipping row: Empty Miner SN - Row Data: ['lakecotest', 'AUTO', '', '174.235.214.108', 'Failure', 'Account expired', '', '0', '0', '2025/05/08 22:17:23', '0', '0', 'GET /AUTO HTTP/1.1 Host: rtk.geodnet.com User-Agent: NTRIP TPA Client/0.0.0 Authorization: Basic bGFrZWNvdGVzdDpsYWtlY290ZXN0 Connection: close', '', '0', '0', '0', '0', '']
2025-05-09 02:35:14,871 - INFO - Skipping row: Empty Miner SN - Row Data: ['lakecotest', 'AUTO', '', '174.235.214.108', 'Failure', 'Account expired', '', '0', '0', '2025/05/08 22:17:18', '0', '0', 'GET /AUTO HTTP/1.1 Host: rtk.geodnet.com User-Agent: NTRIP TPA Client/0.0.0 Authorization: Basic bGFrZWNvdGVzdDpsYWtlY290ZXN0 Connection: close', '', '0', '0', '0', '0', '']
2025-05-09 02:35:15,135 - INFO - Skipping row: Empty Miner SN - Row Data: ['lakecotest', 'AUTO', '', '174.235.214.108', 'Failure', 'Account expired', '', '0', '0', '2025/05/08 22:17:13', '0', '0', 'GET /AUTO HTTP/1.1 Host: rtk.geodnet.com User-Agent: NTRIP TPA Client/0.0.0 Authorization: Basic bGFrZWNvdGVzdDpsYWtlY290ZXN0 Connection: close', '', '0', '0', '0', '0', '']
2025-05-09 02:35:15,356 - INFO - Skipping row: Empty Miner SN - Row Data: ['lakecotest', 'AUTO', '', '174.235.214.108', 'Failure', 'Account expired', '', '0', '0', '2025/05/08 22:17:08', '0', '0', 'GET /AUTO HTTP/1.1 Host: rtk.geodnet.com User-Agent: NTRIP TPA Client/0.0.0 Authorization: Basic bGFrZWNvdGVzdDpsYWtlY290ZXN0 Connection: close', '', '0', '0', '0', '0', '']
2025-05-09 02:35:17,467 - INFO - No modal detected.
2025-05-09 02:35:17,596 - INFO - Navigating to page 6...
2025-05-09 02:35:17,597 - INFO - Scraping page 6...
2025-05-09 02:35:17,616 - INFO - Log table found.
2025-05-09 02:35:17,634 - INFO - Found 21 rows on page 6.
2025-05-09 02:35:17,962 - INFO - Skipping row: Empty Miner SN - Row Data: ['lakecotest', 'AUTO', '', '174.235.214.108', 'Failure', 'Account expired', '', '0', '0', '2025/05/08 22:18:43', '0', '0', 'GET /AUTO HTTP/1.1 Host: rtk.geodnet.com User-Agent: NTRIP TPA Client/0.0.0 Authorization: Basic bGFrZWNvdGVzdDpsYWtlY290ZXN0 Connection: close', '', '0', '0', '0', '0', '']
2025-05-09 02:35:18,353 - INFO - Skipping row: Empty Miner SN - Row Data: ['lakecotest', 'AUTO', '', '174.235.214.108', 'Failure', 'Account expired', '', '0', '0', '2025/05/08 22:16:58', '0', '0', 'GET /AUTO HTTP/1.1 Host: rtk.geodnet.com User-Agent: NTRIP TPA Client/0.0.0 Authorization: Basic bGFrZWNvdGVzdDpsYWtlY290ZXN0 Connection: close', '', '0', '0', '0', '0', '']
2025-05-09 02:35:18,694 - INFO - Skipping row: Empty Miner SN - Row Data: ['lakecotest', 'AUTO', '', '174.235.214.108', 'Failure', 'Account expired', '', '0', '0', '2025/05/08 22:16:53', '0', '0', 'GET /AUTO HTTP/1.1 Host: rtk.geodnet.com User-Agent: NTRIP TPA Client/0.0.0 Authorization: Basic bGFrZWNvdGVzdDpsYWtlY290ZXN0 Connection: close', '', '0', '0', '0', '0', '']
2025-05-09 02:35:19,036 - INFO - Skipping row: Empty Miner SN - Row Data: ['lakecotest', 'AUTO', '', '174.235.214.108', 'Failure', 'Account expired', '', '0', '0', '2025/05/08 22:16:48', '0', '0', 'GET /AUTO HTTP/1.1 Host: rtk.geodnet.com User-Agent: NTRIP TPA Client/0.0.0 Authorization: Basic bGFrZWNvdGVzdDpsYWtlY290ZXN0 Connection: close', '', '0', '0', '0', '0', '']
2025-05-09 02:35:19,327 - INFO - Skipping row: Empty Miner SN - Row Data: ['lakecotest', 'AUTO', '', '174.235.214.108', 'Failure', 'Account expired', '', '0', '0', '2025/05/08 22:16:43', '0', '0', 'GET /AUTO HTTP/1.1 Host: rtk.geodnet.com User-Agent: NTRIP TPA Client/0.0.0 Authorization: Basic bGFrZWNvdGVzdDpsYWtlY290ZXN0 Connection: close', '', '0', '0', '0', '0', '']
2025-05-09 02:35:19,616 - INFO - Skipping row: Empty Miner SN - Row Data: ['lakecotest', 'AUTO', '', '174.235.214.108', 'Failure', 'Account expired', '', '0', '0', '2025/05/08 22:16:38', '0', '0', 'GET /AUTO HTTP/1.1 Host: rtk.geodnet.com User-Agent: NTRIP TPA Client/0.0.0 Authorization: Basic bGFrZWNvdGVzdDpsYWtlY290ZXN0 Connection: close', '', '0', '0', '0', '0', '']
2025-05-09 02:35:19,917 - INFO - Skipping row: Empty Miner SN - Row Data: ['lakecotest', 'AUTO', '', '174.235.214.108', 'Failure', 'Account expired', '', '0', '0', '2025/05/08 22:16:33', '0', '0', 'GET /AUTO HTTP/1.1 Host: rtk.geodnet.com User-Agent: NTRIP TPA Client/0.0.0 Authorization: Basic bGFrZWNvdGVzdDpsYWtlY290ZXN0 Connection: close', '', '0', '0', '0', '0', '']
2025-05-09 02:35:20,209 - INFO - Skipping row: Empty Miner SN - Row Data: ['lakecotest', 'AUTO', '', '174.235.214.108', 'Failure', 'Account expired', '', '0', '0', '2025/05/08 22:16:28', '0', '0', 'GET /AUTO HTTP/1.1 Host: rtk.geodnet.com User-Agent: NTRIP TPA Client/0.0.0 Authorization: Basic bGFrZWNvdGVzdDpsYWtlY290ZXN0 Connection: close', '', '0', '0', '0', '0', '']
2025-05-09 02:35:20,531 - INFO - Skipping row: Empty Miner SN - Row Data: ['lakecotest', 'AUTO', '', '174.235.214.108', 'Failure', 'Account expired', '', '0', '0', '2025/05/08 22:16:23', '0', '0', 'GET /AUTO HTTP/1.1 Host: rtk.geodnet.com User-Agent: NTRIP TPA Client/0.0.0 Authorization: Basic bGFrZWNvdGVzdDpsYWtlY290ZXN0 Connection: close', '', '0', '0', '0', '0', '']
2025-05-09 02:35:20,884 - INFO - Skipping row: Empty Miner SN - Row Data: ['lakecotest', 'AUTO', '', '174.235.214.108', 'Failure', 'Account expired', '', '0', '0', '2025/05/08 22:16:18', '0', '0', 'GET /AUTO HTTP/1.1 Host: rtk.geodnet.com User-Agent: NTRIP TPA Client/0.0.0 Authorization: Basic bGFrZWNvdGVzdDpsYWtlY290ZXN0 Connection: close', '', '0', '0', '0', '0', '']
2025-05-09 02:35:21,221 - INFO - Skipping row: Empty Miner SN - Row Data: ['lakecotest', 'AUTO', '', '174.235.214.108', 'Failure', 'Account expired', '', '0', '0', '2025/05/08 22:16:13', '0', '0', 'GET /AUTO HTTP/1.1 Host: rtk.geodnet.com User-Agent: NTRIP TPA Client/0.0.0 Authorization: Basic bGFrZWNvdGVzdDpsYWtlY290ZXN0 Connection: close', '', '0', '0', '0', '0', '']
2025-05-09 02:35:21,565 - INFO - Skipping row: Empty Miner SN - Row Data: ['lakecotest', 'AUTO', '', '174.235.214.108', 'Failure', 'Account expired', '', '0', '0', '2025/05/08 22:16:08', '0', '0', 'GET /AUTO HTTP/1.1 Host: rtk.geodnet.com User-Agent: NTRIP TPA Client/0.0.0 Authorization: Basic bGFrZWNvdGVzdDpsYWtlY290ZXN0 Connection: close', '', '0', '0', '0', '0', '']
2025-05-09 02:35:21,879 - INFO - Skipping row: Empty Miner SN - Row Data: ['lakecotest', 'AUTO', '', '174.235.214.108', 'Failure', 'Account expired', '', '0', '0', '2025/05/08 22:16:03', '0', '0', 'GET /AUTO HTTP/1.1 Host: rtk.geodnet.com User-Agent: NTRIP TPA Client/0.0.0 Authorization: Basic bGFrZWNvdGVzdDpsYWtlY290ZXN0 Connection: close', '', '0', '0', '0', '0', '']
2025-05-09 02:35:22,124 - INFO - Skipping row: Empty Miner SN - Row Data: ['lakecotest', 'AUTO', '', '174.235.214.108', 'Failure', 'Account expired', '', '0', '0', '2025/05/08 22:15:58', '0', '0', 'GET /AUTO HTTP/1.1 Host: rtk.geodnet.com User-Agent: NTRIP TPA Client/0.0.0 Authorization: Basic bGFrZWNvdGVzdDpsYWtlY290ZXN0 Connection: close', '', '0', '0', '0', '0', '']
2025-05-09 02:35:22,412 - INFO - Skipping row: Empty Miner SN - Row Data: ['lakecotest', 'AUTO', '', '174.235.214.108', 'Failure', 'Account expired', '', '0', '0', '2025/05/08 22:15:53', '0', '0', 'GET /AUTO HTTP/1.1 Host: rtk.geodnet.com User-Agent: NTRIP TPA Client/0.0.0 Authorization: Basic bGFrZWNvdGVzdDpsYWtlY290ZXN0 Connection: close', '', '0', '0', '0', '0', '']
2025-05-09 02:35:22,660 - INFO - Skipping row: Empty Miner SN - Row Data: ['lakecotest', 'AUTO', '', '174.235.214.108', 'Failure', 'Account expired', '', '0', '0', '2025/05/08 22:15:48', '0', '0', 'GET /AUTO HTTP/1.1 Host: rtk.geodnet.com User-Agent: NTRIP TPA Client/0.0.0 Authorization: Basic bGFrZWNvdGVzdDpsYWtlY290ZXN0 Connection: close', '', '0', '0', '0', '0', '']
2025-05-09 02:35:22,930 - INFO - Skipping row: Empty Miner SN - Row Data: ['lakecotest', 'AUTO', '', '174.235.214.108', 'Failure', 'Account expired', '', '0', '0', '2025/05/08 22:15:43', '0', '0', 'GET /AUTO HTTP/1.1 Host: rtk.geodnet.com User-Agent: NTRIP TPA Client/0.0.0 Authorization: Basic bGFrZWNvdGVzdDpsYWtlY290ZXN0 Connection: close', '', '0', '0', '0', '0', '']
2025-05-09 02:35:23,232 - INFO - Skipping row: Empty Miner SN - Row Data: ['lakecotest', 'AUTO', '', '174.235.214.108', 'Failure', 'Account expired', '', '0', '0', '2025/05/08 22:15:38', '0', '0', 'GET /AUTO HTTP/1.1 Host: rtk.geodnet.com User-Agent: NTRIP TPA Client/0.0.0 Authorization: Basic bGFrZWNvdGVzdDpsYWtlY290ZXN0 Connection: close', '', '0', '0', '0', '0', '']
2025-05-09 02:35:23,553 - INFO - Skipping row: Empty Miner SN - Row Data: ['lakecotest', 'AUTO', '', '174.235.214.108', 'Failure', 'Account expired', '', '0', '0', '2025/05/08 22:15:33', '0', '0', 'GET /AUTO HTTP/1.1 Host: rtk.geodnet.com User-Agent: NTRIP TPA Client/0.0.0 Authorization: Basic bGFrZWNvdGVzdDpsYWtlY290ZXN0 Connection: close', '', '0', '0', '0', '0', '']
2025-05-09 02:35:23,835 - INFO - Skipping row: Empty Miner SN - Row Data: ['lakecotest', 'AUTO', '', '174.235.214.108', 'Failure', 'Account expired', '', '0', '0', '2025/05/08 22:15:28', '0', '0', 'GET /AUTO HTTP/1.1 Host: rtk.geodnet.com User-Agent: NTRIP TPA Client/0.0.0 Authorization: Basic bGFrZWNvdGVzdDpsYWtlY290ZXN0 Connection: close', '', '0', '0', '0', '0', '']
2025-05-09 02:35:25,954 - INFO - No modal detected.
2025-05-09 02:35:26,123 - INFO - Navigating to page 7...
2025-05-09 02:35:26,124 - INFO - Scraping page 7...
2025-05-09 02:35:26,142 - INFO - Log table found.
2025-05-09 02:35:26,160 - INFO - Found 21 rows on page 7.
2025-05-09 02:35:26,545 - INFO - Skipping row: Empty Miner SN - Row Data: ['lakecotest', 'AUTO', '', '174.235.214.108', 'Failure', 'Account expired', '', '0', '0', '2025/05/08 22:15:23', '0', '0', 'GET /AUTO HTTP/1.1 Host: rtk.geodnet.com User-Agent: NTRIP TPA Client/0.0.0 Authorization: Basic bGFrZWNvdGVzdDpsYWtlY290ZXN0 Connection: close', '', '0', '0', '0', '0', '']
2025-05-09 02:35:26,844 - INFO - Skipping row: Empty Miner SN - Row Data: ['lakecotest', 'AUTO', '', '174.235.214.108', 'Failure', 'Account expired', '', '0', '0', '2025/05/08 22:15:18', '0', '0', 'GET /AUTO HTTP/1.1 Host: rtk.geodnet.com User-Agent: NTRIP TPA Client/0.0.0 Authorization: Basic bGFrZWNvdGVzdDpsYWtlY290ZXN0 Connection: close', '', '0', '0', '0', '0', '']
2025-05-09 02:35:27,198 - INFO - Skipping row: Empty Miner SN - Row Data: ['lakecotest', 'AUTO', '', '174.235.214.108', 'Failure', 'Account expired', '', '0', '0', '2025/05/08 22:15:12', '0', '0', 'GET /AUTO HTTP/1.1 Host: rtk.geodnet.com User-Agent: NTRIP TPA Client/0.0.0 Authorization: Basic bGFrZWNvdGVzdDpsYWtlY290ZXN0 Connection: close', '', '0', '0', '0', '0', '']
2025-05-09 02:35:27,521 - INFO - Skipping row: Empty Miner SN - Row Data: ['lakecotest', 'AUTO', '', '174.235.214.108', 'Failure', 'Account expired', '', '0', '0', '2025/05/08 22:15:08', '0', '0', 'GET /AUTO HTTP/1.1 Host: rtk.geodnet.com User-Agent: NTRIP TPA Client/0.0.0 Authorization: Basic bGFrZWNvdGVzdDpsYWtlY290ZXN0 Connection: close', '', '0', '0', '0', '0', '']
2025-05-09 02:35:27,861 - INFO - Skipping row: Empty Miner SN - Row Data: ['lakecotest', 'AUTO', '', '174.235.214.108', 'Failure', 'Account expired', '', '0', '0', '2025/05/08 22:15:03', '0', '0', 'GET /AUTO HTTP/1.1 Host: rtk.geodnet.com User-Agent: NTRIP TPA Client/0.0.0 Authorization: Basic bGFrZWNvdGVzdDpsYWtlY290ZXN0 Connection: close', '', '0', '0', '0', '0', '']
2025-05-09 02:35:28,147 - INFO - Skipping row: Empty Miner SN - Row Data: ['lakecotest', 'AUTO', '', '174.235.214.108', 'Failure', 'Account expired', '', '0', '0', '2025/05/08 22:14:58', '0', '0', 'GET /AUTO HTTP/1.1 Host: rtk.geodnet.com User-Agent: NTRIP TPA Client/0.0.0 Authorization: Basic bGFrZWNvdGVzdDpsYWtlY290ZXN0 Connection: close', '', '0', '0', '0', '0', '']
2025-05-09 02:35:28,460 - INFO - Skipping row: Empty Miner SN - Row Data: ['lakecotest', 'AUTO', '', '174.235.214.108', 'Failure', 'Account expired', '', '0', '0', '2025/05/08 22:14:53', '0', '0', 'GET /AUTO HTTP/1.1 Host: rtk.geodnet.com User-Agent: NTRIP TPA Client/0.0.0 Authorization: Basic bGFrZWNvdGVzdDpsYWtlY290ZXN0 Connection: close', '', '0', '0', '0', '0', '']
2025-05-09 02:35:28,716 - INFO - Skipping row: Empty Miner SN - Row Data: ['lakecotest', 'AUTO', '', '174.235.214.108', 'Failure', 'Account expired', '', '0', '0', '2025/05/08 22:14:47', '0', '0', 'GET /AUTO HTTP/1.1 Host: rtk.geodnet.com User-Agent: NTRIP TPA Client/0.0.0 Authorization: Basic bGFrZWNvdGVzdDpsYWtlY290ZXN0 Connection: close', '', '0', '0', '0', '0', '']
2025-05-09 02:35:28,971 - INFO - Skipping row: Empty Miner SN - Row Data: ['lakecotest', 'AUTO', '', '174.235.214.108', 'Failure', 'Account expired', '', '0', '0', '2025/05/08 22:14:43', '0', '0', 'GET /AUTO HTTP/1.1 Host: rtk.geodnet.com User-Agent: NTRIP TPA Client/0.0.0 Authorization: Basic bGFrZWNvdGVzdDpsYWtlY290ZXN0 Connection: close', '', '0', '0', '0', '0', '']
2025-05-09 02:35:29,215 - INFO - Skipping row: Empty Miner SN - Row Data: ['lakecotest', 'AUTO', '', '174.235.214.108', 'Failure', 'Account expired', '', '0', '0', '2025/05/08 22:14:38', '0', '0', 'GET /AUTO HTTP/1.1 Host: rtk.geodnet.com User-Agent: NTRIP TPA Client/0.0.0 Authorization: Basic bGFrZWNvdGVzdDpsYWtlY290ZXN0 Connection: close', '', '0', '0', '0', '0', '']
2025-05-09 02:35:29,442 - INFO - Skipping row: Empty Miner SN - Row Data: ['lakecotest', 'AUTO', '', '174.235.214.108', 'Failure', 'Account expired', '', '0', '0', '2025/05/08 22:14:32', '0', '0', 'GET /AUTO HTTP/1.1 Host: rtk.geodnet.com User-Agent: NTRIP TPA Client/0.0.0 Authorization: Basic bGFrZWNvdGVzdDpsYWtlY290ZXN0 Connection: close', '', '0', '0', '0', '0', '']
2025-05-09 02:35:29,656 - INFO - Skipping row: Empty Miner SN - Row Data: ['lakecotest', 'AUTO', '', '174.235.214.108', 'Failure', 'Account expired', '', '0', '0', '2025/05/08 22:14:28', '0', '0', 'GET /AUTO HTTP/1.1 Host: rtk.geodnet.com User-Agent: NTRIP TPA Client/0.0.0 Authorization: Basic bGFrZWNvdGVzdDpsYWtlY290ZXN0 Connection: close', '', '0', '0', '0', '0', '']
2025-05-09 02:35:29,878 - INFO - Skipping row: Empty Miner SN - Row Data: ['lakecotest', 'AUTO', '', '174.235.214.108', 'Failure', 'Account expired', '', '0', '0', '2025/05/08 22:14:23', '0', '0', 'GET /AUTO HTTP/1.1 Host: rtk.geodnet.com User-Agent: NTRIP TPA Client/0.0.0 Authorization: Basic bGFrZWNvdGVzdDpsYWtlY290ZXN0 Connection: close', '', '0', '0', '0', '0', '']
2025-05-09 02:35:30,082 - INFO - Skipping row: Empty Miner SN - Row Data: ['lakecotest', 'AUTO', '', '174.235.214.108', 'Failure', 'Account expired', '', '0', '0', '2025/05/08 22:14:17', '0', '0', 'GET /AUTO HTTP/1.1 Host: rtk.geodnet.com User-Agent: NTRIP TPA Client/0.0.0 Authorization: Basic bGFrZWNvdGVzdDpsYWtlY290ZXN0 Connection: close', '', '0', '0', '0', '0', '']
2025-05-09 02:35:30,284 - INFO - Skipping row: Empty Miner SN - Row Data: ['lakecotest', 'AUTO', '', '174.235.214.108', 'Failure', 'Account expired', '', '0', '0', '2025/05/08 22:14:13', '0', '0', 'GET /AUTO HTTP/1.1 Host: rtk.geodnet.com User-Agent: NTRIP TPA Client/0.0.0 Authorization: Basic bGFrZWNvdGVzdDpsYWtlY290ZXN0 Connection: close', '', '0', '0', '0', '0', '']
2025-05-09 02:35:30,470 - INFO - Skipping row: Empty Miner SN - Row Data: ['lakecotest', 'AUTO', '', '174.235.214.108', 'Failure', 'Account expired', '', '0', '0', '2025/05/08 22:14:08', '0', '0', 'GET /AUTO HTTP/1.1 Host: rtk.geodnet.com User-Agent: NTRIP TPA Client/0.0.0 Authorization: Basic bGFrZWNvdGVzdDpsYWtlY290ZXN0 Connection: close', '', '0', '0', '0', '0', '']
2025-05-09 02:35:30,703 - INFO - Skipping row: Empty Miner SN - Row Data: ['lakecotest', 'AUTO', '', '174.235.214.108', 'Failure', 'Account expired', '', '0', '0', '2025/05/08 22:14:02', '0', '0', 'GET /AUTO HTTP/1.1 Host: rtk.geodnet.com User-Agent: NTRIP TPA Client/0.0.0 Authorization: Basic bGFrZWNvdGVzdDpsYWtlY290ZXN0 Connection: close', '', '0', '0', '0', '0', '']
2025-05-09 02:35:30,984 - INFO - Skipping row: Empty Miner SN - Row Data: ['lakecotest', 'AUTO', '', '174.235.214.108', 'Failure', 'Account expired', '', '0', '0', '2025/05/08 22:13:58', '0', '0', 'GET /AUTO HTTP/1.1 Host: rtk.geodnet.com User-Agent: NTRIP TPA Client/0.0.0 Authorization: Basic bGFrZWNvdGVzdDpsYWtlY290ZXN0 Connection: close', '', '0', '0', '0', '0', '']
2025-05-09 02:35:31,220 - INFO - Skipping row: Empty Miner SN - Row Data: ['lakecotest', 'AUTO', '', '174.235.214.108', 'Failure', 'Account expired', '', '0', '0', '2025/05/08 22:13:53', '0', '0', 'GET /AUTO HTTP/1.1 Host: rtk.geodnet.com User-Agent: NTRIP TPA Client/0.0.0 Authorization: Basic bGFrZWNvdGVzdDpsYWtlY290ZXN0 Connection: close', '', '0', '0', '0', '0', '']
2025-05-09 02:35:31,419 - INFO - Skipping row: Empty Miner SN - Row Data: ['lakecotest', 'AUTO', '', '174.235.214.108', 'Failure', 'Account expired', '', '0', '0', '2025/05/08 22:13:48', '0', '0', 'GET /AUTO HTTP/1.1 Host: rtk.geodnet.com User-Agent: NTRIP TPA Client/0.0.0 Authorization: Basic bGFrZWNvdGVzdDpsYWtlY290ZXN0 Connection: close', '', '0', '0', '0', '0', '']
2025-05-09 02:35:33,505 - INFO - No modal detected.
2025-05-09 02:35:33,593 - INFO - Navigating to page 8...
2025-05-09 02:35:33,594 - INFO - Scraping page 8...
2025-05-09 02:35:33,606 - INFO - Log table found.
2025-05-09 02:35:33,616 - INFO - Found 21 rows on page 8.
2025-05-09 02:35:33,884 - INFO - Skipping row: Empty Miner SN - Row Data: ['lakecotest', 'AUTO', '', '174.235.214.108', 'Failure', 'Account expired', '', '0', '0', '2025/05/08 22:15:23', '0', '0', 'GET /AUTO HTTP/1.1 Host: rtk.geodnet.com User-Agent: NTRIP TPA Client/0.0.0 Authorization: Basic bGFrZWNvdGVzdDpsYWtlY290ZXN0 Connection: close', '', '0', '0', '0', '0', '']
2025-05-09 02:35:34,105 - INFO - Skipping row: Empty Miner SN - Row Data: ['lakecotest', 'AUTO', '', '174.235.214.108', 'Failure', 'Account expired', '', '0', '0', '2025/05/08 22:13:38', '0', '0', 'GET /AUTO HTTP/1.1 Host: rtk.geodnet.com User-Agent: NTRIP TPA Client/0.0.0 Authorization: Basic bGFrZWNvdGVzdDpsYWtlY290ZXN0 Connection: close', '', '0', '0', '0', '0', '']
2025-05-09 02:35:34,326 - INFO - Skipping row: Empty Miner SN - Row Data: ['lakecotest', 'AUTO', '', '174.235.214.108', 'Failure', 'Account expired', '', '0', '0', '2025/05/08 22:13:33', '0', '0', 'GET /AUTO HTTP/1.1 Host: rtk.geodnet.com User-Agent: NTRIP TPA Client/0.0.0 Authorization: Basic bGFrZWNvdGVzdDpsYWtlY290ZXN0 Connection: close', '', '0', '0', '0', '0', '']
2025-05-09 02:35:34,575 - INFO - Skipping row: Empty Miner SN - Row Data: ['lakecotest', 'AUTO', '', '174.235.214.108', 'Failure', 'Account expired', '', '0', '0', '2025/05/08 22:13:27', '0', '0', 'GET /AUTO HTTP/1.1 Host: rtk.geodnet.com User-Agent: NTRIP TPA Client/0.0.0 Authorization: Basic bGFrZWNvdGVzdDpsYWtlY290ZXN0 Connection: close', '', '0', '0', '0', '0', '']
2025-05-09 02:35:34,803 - INFO - Skipping row: Empty Miner SN - Row Data: ['lakecotest', 'AUTO', '', '174.235.214.108', 'Failure', 'Account expired', '', '0', '0', '2025/05/08 22:13:23', '0', '0', 'GET /AUTO HTTP/1.1 Host: rtk.geodnet.com User-Agent: NTRIP TPA Client/0.0.0 Authorization: Basic bGFrZWNvdGVzdDpsYWtlY290ZXN0 Connection: close', '', '0', '0', '0', '0', '']
2025-05-09 02:35:35,062 - INFO - Skipping row: Empty Miner SN - Row Data: ['lakecotest', 'AUTO', '', '174.235.214.108', 'Failure', 'Account expired', '', '0', '0', '2025/05/08 22:13:17', '0', '0', 'GET /AUTO HTTP/1.1 Host: rtk.geodnet.com User-Agent: NTRIP TPA Client/0.0.0 Authorization: Basic bGFrZWNvdGVzdDpsYWtlY290ZXN0 Connection: close', '', '0', '0', '0', '0', '']
2025-05-09 02:35:35,337 - INFO - Skipping row: Empty Miner SN - Row Data: ['lakecotest', 'AUTO', '', '174.235.214.108', 'Failure', 'Account expired', '', '0', '0', '2025/05/08 22:13:12', '0', '0', 'GET /AUTO HTTP/1.1 Host: rtk.geodnet.com User-Agent: NTRIP TPA Client/0.0.0 Authorization: Basic bGFrZWNvdGVzdDpsYWtlY290ZXN0 Connection: close', '', '0', '0', '0', '0', '']
2025-05-09 02:35:35,635 - INFO - Skipping row: Empty Miner SN - Row Data: ['lakecotest', 'AUTO', '', '174.235.214.108', 'Failure', 'Account expired', '', '0', '0', '2025/05/08 22:13:07', '0', '0', 'GET /AUTO HTTP/1.1 Host: rtk.geodnet.com User-Agent: NTRIP TPA Client/0.0.0 Authorization: Basic bGFrZWNvdGVzdDpsYWtlY290ZXN0 Connection: close', '', '0', '0', '0', '0', '']
2025-05-09 02:35:35,999 - INFO - Skipping row: Empty Miner SN - Row Data: ['lakecotest', 'AUTO', '', '174.235.214.108', 'Failure', 'Account expired', '', '0', '0', '2025/05/08 22:13:02', '0', '0', 'GET /AUTO HTTP/1.1 Host: rtk.geodnet.com User-Agent: NTRIP TPA Client/0.0.0 Authorization: Basic bGFrZWNvdGVzdDpsYWtlY290ZXN0 Connection: close', '', '0', '0', '0', '0', '']
2025-05-09 02:35:36,304 - INFO - Skipping row: Empty Miner SN - Row Data: ['lakecotest', 'AUTO', '', '174.235.214.108', 'Failure', 'Account expired', '', '0', '0', '2025/05/08 22:12:58', '0', '0', 'GET /AUTO HTTP/1.1 Host: rtk.geodnet.com User-Agent: NTRIP TPA Client/0.0.0 Authorization: Basic bGFrZWNvdGVzdDpsYWtlY290ZXN0 Connection: close', '', '0', '0', '0', '0', '']
2025-05-09 02:35:36,604 - INFO - Skipping row: Empty Miner SN - Row Data: ['lakecotest', 'AUTO', '', '174.235.214.108', 'Failure', 'Account expired', '', '0', '0', '2025/05/08 22:12:52', '0', '0', 'GET /AUTO HTTP/1.1 Host: rtk.geodnet.com User-Agent: NTRIP TPA Client/0.0.0 Authorization: Basic bGFrZWNvdGVzdDpsYWtlY290ZXN0 Connection: close', '', '0', '0', '0', '0', '']
2025-05-09 02:35:37,009 - INFO - Skipping row: Empty Miner SN - Row Data: ['lakecotest', 'AUTO', '', '174.235.214.108', 'Failure', 'Account expired', '', '0', '0', '2025/05/08 22:12:47', '0', '0', 'GET /AUTO HTTP/1.1 Host: rtk.geodnet.com User-Agent: NTRIP TPA Client/0.0.0 Authorization: Basic bGFrZWNvdGVzdDpsYWtlY290ZXN0 Connection: close', '', '0', '0', '0', '0', '']
2025-05-09 02:35:37,332 - INFO - Skipping row: Empty Miner SN - Row Data: ['lakecotest', 'AUTO', '', '174.235.214.108', 'Failure', 'Account expired', '', '0', '0', '2025/05/08 22:12:42', '0', '0', 'GET /AUTO HTTP/1.1 Host: rtk.geodnet.com User-Agent: NTRIP TPA Client/0.0.0 Authorization: Basic bGFrZWNvdGVzdDpsYWtlY290ZXN0 Connection: close', '', '0', '0', '0', '0', '']
2025-05-09 02:35:37,717 - INFO - Skipping row: Empty Miner SN - Row Data: ['lakecotest', 'AUTO', '', '174.235.214.108', 'Failure', 'Account expired', '', '0', '0', '2025/05/08 22:12:38', '0', '0', 'GET /AUTO HTTP/1.1 Host: rtk.geodnet.com User-Agent: NTRIP TPA Client/0.0.0 Authorization: Basic bGFrZWNvdGVzdDpsYWtlY290ZXN0 Connection: close', '', '0', '0', '0', '0', '']
2025-05-09 02:35:38,116 - INFO - Skipping row: Empty Miner SN - Row Data: ['lakecotest', 'AUTO', '', '174.235.214.108', 'Failure', 'Account expired', '', '0', '0', '2025/05/08 22:12:32', '0', '0', 'GET /AUTO HTTP/1.1 Host: rtk.geodnet.com User-Agent: NTRIP TPA Client/0.0.0 Authorization: Basic bGFrZWNvdGVzdDpsYWtlY290ZXN0 Connection: close', '', '0', '0', '0', '0', '']
2025-05-09 02:35:38,433 - INFO - Skipping row: Empty Miner SN - Row Data: ['lakecotest', 'AUTO', '', '174.235.214.108', 'Failure', 'Account expired', '', '0', '0', '2025/05/08 22:12:27', '0', '0', 'GET /AUTO HTTP/1.1 Host: rtk.geodnet.com User-Agent: NTRIP TPA Client/0.0.0 Authorization: Basic bGFrZWNvdGVzdDpsYWtlY290ZXN0 Connection: close', '', '0', '0', '0', '0', '']
2025-05-09 02:35:38,757 - INFO - Skipping row: Empty Miner SN - Row Data: ['lakecotest', 'AUTO', '', '174.235.214.108', 'Failure', 'Account expired', '', '0', '0', '2025/05/08 22:12:22', '0', '0', 'GET /AUTO HTTP/1.1 Host: rtk.geodnet.com User-Agent: NTRIP TPA Client/0.0.0 Authorization: Basic bGFrZWNvdGVzdDpsYWtlY290ZXN0 Connection: close', '', '0', '0', '0', '0', '']
2025-05-09 02:35:39,108 - INFO - Skipping row: Empty Miner SN - Row Data: ['lakecotest', 'AUTO', '', '174.235.214.108', 'Failure', 'Account expired', '', '0', '0', '2025/05/08 22:12:17', '0', '0', 'GET /AUTO HTTP/1.1 Host: rtk.geodnet.com User-Agent: NTRIP TPA Client/0.0.0 Authorization: Basic bGFrZWNvdGVzdDpsYWtlY290ZXN0 Connection: close', '', '0', '0', '0', '0', '']
2025-05-09 02:35:39,427 - INFO - Skipping row: Empty Miner SN - Row Data: ['lakecotest', 'AUTO', '', '174.235.214.108', 'Failure', 'Account expired', '', '0', '0', '2025/05/08 22:12:12', '0', '0', 'GET /AUTO HTTP/1.1 Host: rtk.geodnet.com User-Agent: NTRIP TPA Client/0.0.0 Authorization: Basic bGFrZWNvdGVzdDpsYWtlY290ZXN0 Connection: close', '', '0', '0', '0', '0', '']
2025-05-09 02:35:39,786 - INFO - Skipping row: Empty Miner SN - Row Data: ['lakecotest', 'AUTO', '', '174.235.214.108', 'Failure', 'Account expired', '', '0', '0', '2025/05/08 22:12:07', '0', '0', 'GET /AUTO HTTP/1.1 Host: rtk.geodnet.com User-Agent: NTRIP TPA Client/0.0.0 Authorization: Basic bGFrZWNvdGVzdDpsYWtlY290ZXN0 Connection: close', '', '0', '0', '0', '0', '']
2025-05-09 02:35:41,888 - INFO - No modal detected.
2025-05-09 02:35:41,981 - INFO - Navigating to page 9...
2025-05-09 02:35:41,982 - INFO - Scraping page 9...
2025-05-09 02:35:41,995 - INFO - Log table found.
2025-05-09 02:35:42,008 - INFO - Found 21 rows on page 9.
2025-05-09 02:35:42,264 - INFO - Skipping row: Empty Miner SN - Row Data: ['lakecotest', 'AUTO', '', '174.235.214.108', 'Failure', 'Account expired', '', '0', '0', '2025/05/08 22:13:43', '0', '0', 'GET /AUTO HTTP/1.1 Host: rtk.geodnet.com User-Agent: NTRIP TPA Client/0.0.0 Authorization: Basic bGFrZWNvdGVzdDpsYWtlY290ZXN0 Connection: close', '', '0', '0', '0', '0', '']
2025-05-09 02:35:42,568 - INFO - Skipping row: Empty Miner SN - Row Data: ['lakecotest', 'AUTO', '', '174.235.214.108', 'Failure', 'Account expired', '', '0', '0', '2025/05/08 22:11:57', '0', '0', 'GET /AUTO HTTP/1.1 Host: rtk.geodnet.com User-Agent: NTRIP TPA Client/0.0.0 Authorization: Basic bGFrZWNvdGVzdDpsYWtlY290ZXN0 Connection: close', '', '0', '0', '0', '0', '']
2025-05-09 02:35:42,820 - INFO - Skipping row: Empty Miner SN - Row Data: ['lakecotest', 'AUTO', '', '174.235.214.108', 'Failure', 'Account expired', '', '0', '0', '2025/05/08 22:11:52', '0', '0', 'GET /AUTO HTTP/1.1 Host: rtk.geodnet.com User-Agent: NTRIP TPA Client/0.0.0 Authorization: Basic bGFrZWNvdGVzdDpsYWtlY290ZXN0 Connection: close', '', '0', '0', '0', '0', '']
2025-05-09 02:35:43,109 - INFO - Skipping row: Empty Miner SN - Row Data: ['lakecotest', 'AUTO', '', '174.235.214.108', 'Failure', 'Account expired', '', '0', '0', '2025/05/08 22:11:47', '0', '0', 'GET /AUTO HTTP/1.1 Host: rtk.geodnet.com User-Agent: NTRIP TPA Client/0.0.0 Authorization: Basic bGFrZWNvdGVzdDpsYWtlY290ZXN0 Connection: close', '', '0', '0', '0', '0', '']
2025-05-09 02:35:43,372 - INFO - Skipping row: Empty Miner SN - Row Data: ['lakecotest', 'AUTO', '', '174.235.214.108', 'Failure', 'Account expired', '', '0', '0', '2025/05/08 22:11:42', '0', '0', 'GET /AUTO HTTP/1.1 Host: rtk.geodnet.com User-Agent: NTRIP TPA Client/0.0.0 Authorization: Basic bGFrZWNvdGVzdDpsYWtlY290ZXN0 Connection: close', '', '0', '0', '0', '0', '']
2025-05-09 02:35:43,632 - INFO - Skipping row: Empty Miner SN - Row Data: ['lakecotest', 'AUTO', '', '174.235.214.108', 'Failure', 'Account expired', '', '0', '0', '2025/05/08 22:11:37', '0', '0', 'GET /AUTO HTTP/1.1 Host: rtk.geodnet.com User-Agent: NTRIP TPA Client/0.0.0 Authorization: Basic bGFrZWNvdGVzdDpsYWtlY290ZXN0 Connection: close', '', '0', '0', '0', '0', '']
2025-05-09 02:35:43,885 - INFO - Skipping row: Empty Miner SN - Row Data: ['lakecotest', 'AUTO', '', '174.235.214.108', 'Failure', 'Account expired', '', '0', '0', '2025/05/08 22:11:32', '0', '0', 'GET /AUTO HTTP/1.1 Host: rtk.geodnet.com User-Agent: NTRIP TPA Client/0.0.0 Authorization: Basic bGFrZWNvdGVzdDpsYWtlY290ZXN0 Connection: close', '', '0', '0', '0', '0', '']
2025-05-09 02:35:44,136 - INFO - Skipping row: Empty Miner SN - Row Data: ['lakecotest', 'AUTO', '', '174.235.214.108', 'Failure', 'Account expired', '', '0', '0', '2025/05/08 22:11:27', '0', '0', 'GET /AUTO HTTP/1.1 Host: rtk.geodnet.com User-Agent: NTRIP TPA Client/0.0.0 Authorization: Basic bGFrZWNvdGVzdDpsYWtlY290ZXN0 Connection: close', '', '0', '0', '0', '0', '']
2025-05-09 02:35:44,386 - INFO - Skipping row: Empty Miner SN - Row Data: ['lakecotest', 'AUTO', '', '174.235.214.108', 'Failure', 'Account expired', '', '0', '0', '2025/05/08 22:11:22', '0', '0', 'GET /AUTO HTTP/1.1 Host: rtk.geodnet.com User-Agent: NTRIP TPA Client/0.0.0 Authorization: Basic bGFrZWNvdGVzdDpsYWtlY290ZXN0 Connection: close', '', '0', '0', '0', '0', '']
2025-05-09 02:35:44,633 - INFO - Skipping row: Empty Miner SN - Row Data: ['lakecotest', 'AUTO', '', '174.235.214.108', 'Failure', 'Account expired', '', '0', '0', '2025/05/08 22:11:17', '0', '0', 'GET /AUTO HTTP/1.1 Host: rtk.geodnet.com User-Agent: NTRIP TPA Client/0.0.0 Authorization: Basic bGFrZWNvdGVzdDpsYWtlY290ZXN0 Connection: close', '', '0', '0', '0', '0', '']
2025-05-09 02:35:44,928 - INFO - Skipping row: Empty Miner SN - Row Data: ['lakecotest', 'AUTO', '', '174.235.214.108', 'Failure', 'Account expired', '', '0', '0', '2025/05/08 22:11:12', '0', '0', 'GET /AUTO HTTP/1.1 Host: rtk.geodnet.com User-Agent: NTRIP TPA Client/0.0.0 Authorization: Basic bGFrZWNvdGVzdDpsYWtlY290ZXN0 Connection: close', '', '0', '0', '0', '0', '']
2025-05-09 02:35:45,195 - INFO - Skipping row: Empty Miner SN - Row Data: ['lakecotest', 'AUTO', '', '174.235.214.108', 'Failure', 'Account expired', '', '0', '0', '2025/05/08 22:11:07', '0', '0', 'GET /AUTO HTTP/1.1 Host: rtk.geodnet.com User-Agent: NTRIP TPA Client/0.0.0 Authorization: Basic bGFrZWNvdGVzdDpsYWtlY290ZXN0 Connection: close', '', '0', '0', '0', '0', '']
2025-05-09 02:35:45,449 - INFO - Skipping row: Empty Miner SN - Row Data: ['lakecotest', 'AUTO', '', '174.235.214.108', 'Failure', 'Account expired', '', '0', '0', '2025/05/08 22:11:02', '0', '0', 'GET /AUTO HTTP/1.1 Host: rtk.geodnet.com User-Agent: NTRIP TPA Client/0.0.0 Authorization: Basic bGFrZWNvdGVzdDpsYWtlY290ZXN0 Connection: close', '', '0', '0', '0', '0', '']
2025-05-09 02:35:45,921 - INFO - Skipping row: Empty Miner SN - Row Data: ['lakecotest', 'AUTO', '', '174.235.214.108', 'Failure', 'Account expired', '', '0', '0', '2025/05/08 22:10:57', '0', '0', 'GET /AUTO HTTP/1.1 Host: rtk.geodnet.com User-Agent: NTRIP TPA Client/0.0.0 Authorization: Basic bGFrZWNvdGVzdDpsYWtlY290ZXN0 Connection: close', '', '0', '0', '0', '0', '']
2025-05-09 02:35:46,242 - INFO - Skipping row: Empty Miner SN - Row Data: ['lakecotest', 'AUTO', '', '174.235.214.108', 'Failure', 'Account expired', '', '0', '0', '2025/05/08 22:10:52', '0', '0', 'GET /AUTO HTTP/1.1 Host: rtk.geodnet.com User-Agent: NTRIP TPA Client/0.0.0 Authorization: Basic bGFrZWNvdGVzdDpsYWtlY290ZXN0 Connection: close', '', '0', '0', '0', '0', '']
2025-05-09 02:35:46,572 - INFO - Skipping row: Empty Miner SN - Row Data: ['lakecotest', 'AUTO', '', '174.235.214.108', 'Failure', 'Account expired', '', '0', '0', '2025/05/08 22:10:47', '0', '0', 'GET /AUTO HTTP/1.1 Host: rtk.geodnet.com User-Agent: NTRIP TPA Client/0.0.0 Authorization: Basic bGFrZWNvdGVzdDpsYWtlY290ZXN0 Connection: close', '', '0', '0', '0', '0', '']
2025-05-09 02:35:46,922 - INFO - Skipping row: Empty Miner SN - Row Data: ['lakecotest', 'AUTO', '', '174.235.214.108', 'Failure', 'Account expired', '', '0', '0', '2025/05/08 22:10:42', '0', '0', 'GET /AUTO HTTP/1.1 Host: rtk.geodnet.com User-Agent: NTRIP TPA Client/0.0.0 Authorization: Basic bGFrZWNvdGVzdDpsYWtlY290ZXN0 Connection: close', '', '0', '0', '0', '0', '']
2025-05-09 02:35:47,245 - INFO - Skipping row: Empty Miner SN - Row Data: ['lakecotest', 'AUTO', '', '174.235.214.108', 'Failure', 'Account expired', '', '0', '0', '2025/05/08 22:10:37', '0', '0', 'GET /AUTO HTTP/1.1 Host: rtk.geodnet.com User-Agent: NTRIP TPA Client/0.0.0 Authorization: Basic bGFrZWNvdGVzdDpsYWtlY290ZXN0 Connection: close', '', '0', '0', '0', '0', '']
2025-05-09 02:35:47,515 - INFO - Skipping row: Empty Miner SN - Row Data: ['lakecotest', 'AUTO', '', '174.235.214.108', 'Failure', 'Account expired', '', '0', '0', '2025/05/08 22:10:32', '0', '0', 'GET /AUTO HTTP/1.1 Host: rtk.geodnet.com User-Agent: NTRIP TPA Client/0.0.0 Authorization: Basic bGFrZWNvdGVzdDpsYWtlY290ZXN0 Connection: close', '', '0', '0', '0', '0', '']
2025-05-09 02:35:47,752 - INFO - Skipping row: Empty Miner SN - Row Data: ['lakecotest', 'AUTO', '', '174.235.214.108', 'Failure', 'Account expired', '', '0', '0', '2025/05/08 22:10:27', '0', '0', 'GET /AUTO HTTP/1.1 Host: rtk.geodnet.com User-Agent: NTRIP TPA Client/0.0.0 Authorization: Basic bGFrZWNvdGVzdDpsYWtlY290ZXN0 Connection: close', '', '0', '0', '0', '0', '']
2025-05-09 02:35:49,901 - INFO - No modal detected.
2025-05-09 02:35:50,050 - INFO - Navigating to page 10...
2025-05-09 02:35:50,051 - INFO - Scraping page 10...
2025-05-09 02:35:50,069 - INFO - Log table found.
2025-05-09 02:35:50,087 - INFO - Found 21 rows on page 10.
2025-05-09 02:35:50,415 - INFO - Skipping row: Empty Miner SN - Row Data: ['lakecotest', 'AUTO', '', '174.235.214.108', 'Failure', 'Account expired', '', '0', '0', '2025/05/08 22:12:02', '0', '0', 'GET /AUTO HTTP/1.1 Host: rtk.geodnet.com User-Agent: NTRIP TPA Client/0.0.0 Authorization: Basic bGFrZWNvdGVzdDpsYWtlY290ZXN0 Connection: close', '', '0', '0', '0', '0', '']
2025-05-09 02:35:50,866 - INFO - Skipping row: Empty Miner SN - Row Data: ['lakecotest', 'AUTO', '', '174.235.214.108', 'Failure', 'Account expired', '', '0', '0', '2025/05/08 22:10:17', '0', '0', 'GET /AUTO HTTP/1.1 Host: rtk.geodnet.com User-Agent: NTRIP TPA Client/0.0.0 Authorization: Basic bGFrZWNvdGVzdDpsYWtlY290ZXN0 Connection: close', '', '0', '0', '0', '0', '']
2025-05-09 02:35:51,275 - INFO - Skipping row: Empty Miner SN - Row Data: ['lakecotest', 'AUTO', '', '174.235.214.108', 'Failure', 'Account expired', '', '0', '0', '2025/05/08 22:10:12', '0', '0', 'GET /AUTO HTTP/1.1 Host: rtk.geodnet.com User-Agent: NTRIP TPA Client/0.0.0 Authorization: Basic bGFrZWNvdGVzdDpsYWtlY290ZXN0 Connection: close', '', '0', '0', '0', '0', '']
2025-05-09 02:35:51,610 - INFO - Skipping row: Empty Miner SN - Row Data: ['lakecotest', 'AUTO', '', '174.235.214.108', 'Failure', 'Account expired', '', '0', '0', '2025/05/08 22:10:07', '0', '0', 'GET /AUTO HTTP/1.1 Host: rtk.geodnet.com User-Agent: NTRIP TPA Client/0.0.0 Authorization: Basic bGFrZWNvdGVzdDpsYWtlY290ZXN0 Connection: close', '', '0', '0', '0', '0', '']
2025-05-09 02:35:51,960 - INFO - Skipping row: Empty Miner SN - Row Data: ['lakecotest', 'AUTO', '', '174.235.214.108', 'Failure', 'Account expired', '', '0', '0', '2025/05/08 22:10:02', '0', '0', 'GET /AUTO HTTP/1.1 Host: rtk.geodnet.com User-Agent: NTRIP TPA Client/0.0.0 Authorization: Basic bGFrZWNvdGVzdDpsYWtlY290ZXN0 Connection: close', '', '0', '0', '0', '0', '']
2025-05-09 02:35:52,374 - INFO - Skipping row: Empty Miner SN - Row Data: ['lakecotest', 'AUTO', '', '174.235.214.108', 'Failure', 'Account expired', '', '0', '0', '2025/05/08 22:09:57', '0', '0', 'GET /AUTO HTTP/1.1 Host: rtk.geodnet.com User-Agent: NTRIP TPA Client/0.0.0 Authorization: Basic bGFrZWNvdGVzdDpsYWtlY290ZXN0 Connection: close', '', '0', '0', '0', '0', '']
2025-05-09 02:35:52,731 - INFO - Skipping row: Empty Miner SN - Row Data: ['lakecotest', 'AUTO', '', '174.235.214.108', 'Failure', 'Account expired', '', '0', '0', '2025/05/08 22:09:52', '0', '0', 'GET /AUTO HTTP/1.1 Host: rtk.geodnet.com User-Agent: NTRIP TPA Client/0.0.0 Authorization: Basic bGFrZWNvdGVzdDpsYWtlY290ZXN0 Connection: close', '', '0', '0', '0', '0', '']
2025-05-09 02:35:53,026 - INFO - Skipping row: Empty Miner SN - Row Data: ['lakecotest', 'AUTO', '', '174.235.214.108', 'Failure', 'Account expired', '', '0', '0', '2025/05/08 22:09:47', '0', '0', 'GET /AUTO HTTP/1.1 Host: rtk.geodnet.com User-Agent: NTRIP TPA Client/0.0.0 Authorization: Basic bGFrZWNvdGVzdDpsYWtlY290ZXN0 Connection: close', '', '0', '0', '0', '0', '']
2025-05-09 02:35:53,298 - INFO - Skipping row: Empty Miner SN - Row Data: ['lakecotest', 'AUTO', '', '174.235.214.108', 'Failure', 'Account expired', '', '0', '0', '2025/05/08 22:09:42', '0', '0', 'GET /AUTO HTTP/1.1 Host: rtk.geodnet.com User-Agent: NTRIP TPA Client/0.0.0 Authorization: Basic bGFrZWNvdGVzdDpsYWtlY290ZXN0 Connection: close', '', '0', '0', '0', '0', '']
2025-05-09 02:35:53,580 - INFO - Skipping row: Empty Miner SN - Row Data: ['lakecotest', 'AUTO', '', '174.235.214.108', 'Failure', 'Account expired', '', '0', '0', '2025/05/08 22:09:37', '0', '0', 'GET /AUTO HTTP/1.1 Host: rtk.geodnet.com User-Agent: NTRIP TPA Client/0.0.0 Authorization: Basic bGFrZWNvdGVzdDpsYWtlY290ZXN0 Connection: close', '', '0', '0', '0', '0', '']
2025-05-09 02:35:53,880 - INFO - Skipping row: Empty Miner SN - Row Data: ['lakecotest', 'AUTO', '', '174.235.214.108', 'Failure', 'Account expired', '', '0', '0', '2025/05/08 22:09:32', '0', '0', 'GET /AUTO HTTP/1.1 Host: rtk.geodnet.com User-Agent: NTRIP TPA Client/0.0.0 Authorization: Basic bGFrZWNvdGVzdDpsYWtlY290ZXN0 Connection: close', '', '0', '0', '0', '0', '']
2025-05-09 02:35:54,145 - INFO - Skipping row: Empty Miner SN - Row Data: ['lakecotest', 'AUTO', '', '174.235.214.108', 'Failure', 'Account expired', '', '0', '0', '2025/05/08 22:09:27', '0', '0', 'GET /AUTO HTTP/1.1 Host: rtk.geodnet.com User-Agent: NTRIP TPA Client/0.0.0 Authorization: Basic bGFrZWNvdGVzdDpsYWtlY290ZXN0 Connection: close', '', '0', '0', '0', '0', '']
2025-05-09 02:35:54,394 - INFO - Skipping row: Empty Miner SN - Row Data: ['lakecotest', 'AUTO', '', '174.235.214.108', 'Failure', 'Account expired', '', '0', '0', '2025/05/08 22:09:22', '0', '0', 'GET /AUTO HTTP/1.1 Host: rtk.geodnet.com User-Agent: NTRIP TPA Client/0.0.0 Authorization: Basic bGFrZWNvdGVzdDpsYWtlY290ZXN0 Connection: close', '', '0', '0', '0', '0', '']
2025-05-09 02:35:54,631 - INFO - Skipping row: Empty Miner SN - Row Data: ['lakecotest', 'AUTO', '', '174.235.214.108', 'Failure', 'Account expired', '', '0', '0', '2025/05/08 22:09:17', '0', '0', 'GET /AUTO HTTP/1.1 Host: rtk.geodnet.com User-Agent: NTRIP TPA Client/0.0.0 Authorization: Basic bGFrZWNvdGVzdDpsYWtlY290ZXN0 Connection: close', '', '0', '0', '0', '0', '']
2025-05-09 02:35:54,844 - INFO - Skipping row: Empty Miner SN - Row Data: ['lakecotest', 'AUTO', '', '174.235.214.108', 'Failure', 'Account expired', '', '0', '0', '2025/05/08 22:09:12', '0', '0', 'GET /AUTO HTTP/1.1 Host: rtk.geodnet.com User-Agent: NTRIP TPA Client/0.0.0 Authorization: Basic bGFrZWNvdGVzdDpsYWtlY290ZXN0 Connection: close', '', '0', '0', '0', '0', '']
2025-05-09 02:35:55,050 - INFO - Skipping row: Empty Miner SN - Row Data: ['lakecotest', 'AUTO', '', '174.235.214.108', 'Failure', 'Account expired', '', '0', '0', '2025/05/08 22:09:07', '0', '0', 'GET /AUTO HTTP/1.1 Host: rtk.geodnet.com User-Agent: NTRIP TPA Client/0.0.0 Authorization: Basic bGFrZWNvdGVzdDpsYWtlY290ZXN0 Connection: close', '', '0', '0', '0', '0', '']
2025-05-09 02:35:55,311 - INFO - Skipping row: Empty Miner SN - Row Data: ['lakecotest', 'AUTO', '', '174.235.214.108', 'Failure', 'Account expired', '', '0', '0', '2025/05/08 22:09:02', '0', '0', 'GET /AUTO HTTP/1.1 Host: rtk.geodnet.com User-Agent: NTRIP TPA Client/0.0.0 Authorization: Basic bGFrZWNvdGVzdDpsYWtlY290ZXN0 Connection: close', '', '0', '0', '0', '0', '']
2025-05-09 02:35:55,568 - INFO - Skipping row: Empty Miner SN - Row Data: ['lakecotest', 'AUTO', '', '174.235.214.108', 'Failure', 'Account expired', '', '0', '0', '2025/05/08 22:08:57', '0', '0', 'GET /AUTO HTTP/1.1 Host: rtk.geodnet.com User-Agent: NTRIP TPA Client/0.0.0 Authorization: Basic bGFrZWNvdGVzdDpsYWtlY290ZXN0 Connection: close', '', '0', '0', '0', '0', '']
2025-05-09 02:35:55,871 - INFO - Skipping row: Empty Miner SN - Row Data: ['lakecotest', 'AUTO', '', '174.235.214.108', 'Failure', 'Account expired', '', '0', '0', '2025/05/08 22:08:52', '0', '0', 'GET /AUTO HTTP/1.1 Host: rtk.geodnet.com User-Agent: NTRIP TPA Client/0.0.0 Authorization: Basic bGFrZWNvdGVzdDpsYWtlY290ZXN0 Connection: close', '', '0', '0', '0', '0', '']
2025-05-09 02:35:56,099 - INFO - Skipping row: Empty Miner SN - Row Data: ['lakecotest', 'AUTO', '', '174.235.214.108', 'Failure', 'Account expired', '', '0', '0', '2025/05/08 22:08:47', '0', '0', 'GET /AUTO HTTP/1.1 Host: rtk.geodnet.com User-Agent: NTRIP TPA Client/0.0.0 Authorization: Basic bGFrZWNvdGVzdDpsYWtlY290ZXN0 Connection: close', '', '0', '0', '0', '0', '']
2025-05-09 02:35:58,216 - INFO - No modal detected.
2025-05-09 02:35:58,404 - INFO - Navigating to page 11...
2025-05-09 02:35:58,405 - INFO - Scraping page 11...
2025-05-09 02:35:58,422 - INFO - Log table found.
2025-05-09 02:35:58,441 - INFO - Found 21 rows on page 11.
2025-05-09 02:35:58,905 - INFO - Skipping row: Empty Miner SN - Row Data: ['lakecotest', 'AUTO', '', '174.235.214.108', 'Failure', 'Account expired', '', '0', '0', '2025/05/08 22:08:42', '0', '0', 'GET /AUTO HTTP/1.1 Host: rtk.geodnet.com User-Agent: NTRIP TPA Client/0.0.0 Authorization: Basic bGFrZWNvdGVzdDpsYWtlY290ZXN0 Connection: close', '', '0', '0', '0', '0', '']
2025-05-09 02:35:59,297 - INFO - Skipping row: Empty Miner SN - Row Data: ['lakecotest', 'AUTO', '', '174.235.214.108', 'Failure', 'Account expired', '', '0', '0', '2025/05/08 22:08:37', '0', '0', 'GET /AUTO HTTP/1.1 Host: rtk.geodnet.com User-Agent: NTRIP TPA Client/0.0.0 Authorization: Basic bGFrZWNvdGVzdDpsYWtlY290ZXN0 Connection: close', '', '0', '0', '0', '0', '']
2025-05-09 02:35:59,616 - INFO - Skipping row: Empty Miner SN - Row Data: ['lakecotest', 'AUTO', '', '174.235.214.108', 'Failure', 'Account expired', '', '0', '0', '2025/05/08 22:08:32', '0', '0', 'GET /AUTO HTTP/1.1 Host: rtk.geodnet.com User-Agent: NTRIP TPA Client/0.0.0 Authorization: Basic bGFrZWNvdGVzdDpsYWtlY290ZXN0 Connection: close', '', '0', '0', '0', '0', '']
2025-05-09 02:35:59,960 - INFO - Skipping row: Empty Miner SN - Row Data: ['lakecotest', 'AUTO', '', '174.235.214.108', 'Failure', 'Account expired', '', '0', '0', '2025/05/08 22:08:27', '0', '0', 'GET /AUTO HTTP/1.1 Host: rtk.geodnet.com User-Agent: NTRIP TPA Client/0.0.0 Authorization: Basic bGFrZWNvdGVzdDpsYWtlY290ZXN0 Connection: close', '', '0', '0', '0', '0', '']
2025-05-09 02:36:00,307 - INFO - Skipping row: Empty Miner SN - Row Data: ['lakecotest', 'AUTO', '', '174.235.214.108', 'Failure', 'Account expired', '', '0', '0', '2025/05/08 22:08:22', '0', '0', 'GET /AUTO HTTP/1.1 Host: rtk.geodnet.com User-Agent: NTRIP TPA Client/0.0.0 Authorization: Basic bGFrZWNvdGVzdDpsYWtlY290ZXN0 Connection: close', '', '0', '0', '0', '0', '']
2025-05-09 02:36:00,651 - INFO - Skipping row: Empty Miner SN - Row Data: ['lakecotest', 'AUTO', '', '174.235.214.108', 'Failure', 'Account expired', '', '0', '0', '2025/05/08 22:08:17', '0', '0', 'GET /AUTO HTTP/1.1 Host: rtk.geodnet.com User-Agent: NTRIP TPA Client/0.0.0 Authorization: Basic bGFrZWNvdGVzdDpsYWtlY290ZXN0 Connection: close', '', '0', '0', '0', '0', '']
2025-05-09 02:36:00,994 - INFO - Skipping row: Empty Miner SN - Row Data: ['lakecotest', 'AUTO', '', '174.235.214.108', 'Failure', 'Account expired', '', '0', '0', '2025/05/08 22:08:12', '0', '0', 'GET /AUTO HTTP/1.1 Host: rtk.geodnet.com User-Agent: NTRIP TPA Client/0.0.0 Authorization: Basic bGFrZWNvdGVzdDpsYWtlY290ZXN0 Connection: close', '', '0', '0', '0', '0', '']
2025-05-09 02:36:01,293 - INFO - Skipping row: Empty Miner SN - Row Data: ['lakecotest', 'AUTO', '', '174.235.214.108', 'Failure', 'Account expired', '', '0', '0', '2025/05/08 22:08:07', '0', '0', 'GET /AUTO HTTP/1.1 Host: rtk.geodnet.com User-Agent: NTRIP TPA Client/0.0.0 Authorization: Basic bGFrZWNvdGVzdDpsYWtlY290ZXN0 Connection: close', '', '0', '0', '0', '0', '']
2025-05-09 02:36:01,618 - INFO - Skipping row: Empty Miner SN - Row Data: ['lakecotest', 'AUTO', '', '174.235.214.108', 'Failure', 'Account expired', '', '0', '0', '2025/05/08 22:08:02', '0', '0', 'GET /AUTO HTTP/1.1 Host: rtk.geodnet.com User-Agent: NTRIP TPA Client/0.0.0 Authorization: Basic bGFrZWNvdGVzdDpsYWtlY290ZXN0 Connection: close', '', '0', '0', '0', '0', '']
2025-05-09 02:36:01,925 - INFO - Skipping row: Empty Miner SN - Row Data: ['lakecotest', 'AUTO', '', '174.235.214.108', 'Failure', 'Account expired', '', '0', '0', '2025/05/08 22:07:57', '0', '0', 'GET /AUTO HTTP/1.1 Host: rtk.geodnet.com User-Agent: NTRIP TPA Client/0.0.0 Authorization: Basic bGFrZWNvdGVzdDpsYWtlY290ZXN0 Connection: close', '', '0', '0', '0', '0', '']
2025-05-09 02:36:02,248 - INFO - Skipping row: Empty Miner SN - Row Data: ['lakecotest', 'AUTO', '', '174.235.214.108', 'Failure', 'Account expired', '', '0', '0', '2025/05/08 22:07:52', '0', '0', 'GET /AUTO HTTP/1.1 Host: rtk.geodnet.com User-Agent: NTRIP TPA Client/0.0.0 Authorization: Basic bGFrZWNvdGVzdDpsYWtlY290ZXN0 Connection: close', '', '0', '0', '0', '0', '']
2025-05-09 02:36:02,558 - INFO - Skipping row: Empty Miner SN - Row Data: ['lakecotest', 'AUTO', '', '174.235.214.108', 'Failure', 'Account expired', '', '0', '0', '2025/05/08 22:07:47', '0', '0', 'GET /AUTO HTTP/1.1 Host: rtk.geodnet.com User-Agent: NTRIP TPA Client/0.0.0 Authorization: Basic bGFrZWNvdGVzdDpsYWtlY290ZXN0 Connection: close', '', '0', '0', '0', '0', '']
2025-05-09 02:36:02,796 - INFO - Skipping row: Empty Miner SN - Row Data: ['lakecotest', 'AUTO', '', '174.235.214.108', 'Failure', 'Account expired', '', '0', '0', '2025/05/08 22:07:42', '0', '0', 'GET /AUTO HTTP/1.1 Host: rtk.geodnet.com User-Agent: NTRIP TPA Client/0.0.0 Authorization: Basic bGFrZWNvdGVzdDpsYWtlY290ZXN0 Connection: close', '', '0', '0', '0', '0', '']
2025-05-09 02:36:03,045 - INFO - Skipping row: Empty Miner SN - Row Data: ['lakecotest', 'AUTO', '', '174.235.214.108', 'Failure', 'Account expired', '', '0', '0', '2025/05/08 22:07:37', '0', '0', 'GET /AUTO HTTP/1.1 Host: rtk.geodnet.com User-Agent: NTRIP TPA Client/0.0.0 Authorization: Basic bGFrZWNvdGVzdDpsYWtlY290ZXN0 Connection: close', '', '0', '0', '0', '0', '']
2025-05-09 02:36:03,270 - INFO - Skipping row: Empty Miner SN - Row Data: ['lakecotest', 'AUTO', '', '174.235.214.108', 'Failure', 'Account expired', '', '0', '0', '2025/05/08 22:07:32', '0', '0', 'GET /AUTO HTTP/1.1 Host: rtk.geodnet.com User-Agent: NTRIP TPA Client/0.0.0 Authorization: Basic bGFrZWNvdGVzdDpsYWtlY290ZXN0 Connection: close', '', '0', '0', '0', '0', '']
2025-05-09 02:36:03,491 - INFO - Skipping row: Empty Miner SN - Row Data: ['lakecotest', 'AUTO', '', '174.235.214.108', 'Failure', 'Account expired', '', '0', '0', '2025/05/08 22:07:27', '0', '0', 'GET /AUTO HTTP/1.1 Host: rtk.geodnet.com User-Agent: NTRIP TPA Client/0.0.0 Authorization: Basic bGFrZWNvdGVzdDpsYWtlY290ZXN0 Connection: close', '', '0', '0', '0', '0', '']
2025-05-09 02:36:03,696 - INFO - Skipping row: Empty Miner SN - Row Data: ['lakecotest', 'AUTO', '', '174.235.214.108', 'Failure', 'Account expired', '', '0', '0', '2025/05/08 22:07:22', '0', '0', 'GET /AUTO HTTP/1.1 Host: rtk.geodnet.com User-Agent: NTRIP TPA Client/0.0.0 Authorization: Basic bGFrZWNvdGVzdDpsYWtlY290ZXN0 Connection: close', '', '0', '0', '0', '0', '']
2025-05-09 02:36:03,921 - INFO - Skipping row: Empty Miner SN - Row Data: ['lakecotest', 'AUTO', '', '174.235.214.108', 'Failure', 'Account expired', '', '0', '0', '2025/05/08 22:07:17', '0', '0', 'GET /AUTO HTTP/1.1 Host: rtk.geodnet.com User-Agent: NTRIP TPA Client/0.0.0 Authorization: Basic bGFrZWNvdGVzdDpsYWtlY290ZXN0 Connection: close', '', '0', '0', '0', '0', '']
2025-05-09 02:36:04,183 - INFO - Skipping row: Empty Miner SN - Row Data: ['lakecotest', 'AUTO', '', '174.235.214.108', 'Failure', 'Account expired', '', '0', '0', '2025/05/08 22:07:12', '0', '0', 'GET /AUTO HTTP/1.1 Host: rtk.geodnet.com User-Agent: NTRIP TPA Client/0.0.0 Authorization: Basic bGFrZWNvdGVzdDpsYWtlY290ZXN0 Connection: close', '', '0', '0', '0', '0', '']
2025-05-09 02:36:04,408 - INFO - Skipping row: Empty Miner SN - Row Data: ['lakecotest', 'AUTO', '', '174.235.214.108', 'Failure', 'Account expired', '', '0', '0', '2025/05/08 22:07:07', '0', '0', 'GET /AUTO HTTP/1.1 Host: rtk.geodnet.com User-Agent: NTRIP TPA Client/0.0.0 Authorization: Basic bGFrZWNvdGVzdDpsYWtlY290ZXN0 Connection: close', '', '0', '0', '0', '0', '']
2025-05-09 02:36:06,527 - INFO - No modal detected.
2025-05-09 02:36:06,644 - INFO - Navigating to page 12...
2025-05-09 02:36:06,644 - INFO - Scraping page 12...
2025-05-09 02:36:06,661 - INFO - Log table found.
2025-05-09 02:36:06,682 - INFO - Found 21 rows on page 12.
2025-05-09 02:36:07,083 - INFO - Skipping row: Empty Miner SN - Row Data: ['lakecotest', 'AUTO', '', '174.235.214.108', 'Failure', 'Account expired', '', '0', '0', '2025/05/08 22:07:02', '0', '0', 'GET /AUTO HTTP/1.1 Host: rtk.geodnet.com User-Agent: NTRIP TPA Client/0.0.0 Authorization: Basic bGFrZWNvdGVzdDpsYWtlY290ZXN0 Connection: close', '', '0', '0', '0', '0', '']
2025-05-09 02:36:07,454 - INFO - Skipping row: Empty Miner SN - Row Data: ['lakecotest', 'AUTO', '', '174.235.214.108', 'Failure', 'Account expired', '', '0', '0', '2025/05/08 22:06:57', '0', '0', 'GET /AUTO HTTP/1.1 Host: rtk.geodnet.com User-Agent: NTRIP TPA Client/0.0.0 Authorization: Basic bGFrZWNvdGVzdDpsYWtlY290ZXN0 Connection: close', '', '0', '0', '0', '0', '']
2025-05-09 02:36:07,758 - INFO - Skipping row: Empty Miner SN - Row Data: ['lakecotest', 'AUTO', '', '174.235.214.108', 'Failure', 'Account expired', '', '0', '0', '2025/05/08 22:06:52', '0', '0', 'GET /AUTO HTTP/1.1 Host: rtk.geodnet.com User-Agent: NTRIP TPA Client/0.0.0 Authorization: Basic bGFrZWNvdGVzdDpsYWtlY290ZXN0 Connection: close', '', '0', '0', '0', '0', '']
2025-05-09 02:36:08,028 - INFO - Skipping row: Empty Miner SN - Row Data: ['lakecotest', 'AUTO', '', '174.235.214.108', 'Failure', 'Account expired', '', '0', '0', '2025/05/08 22:06:47', '0', '0', 'GET /AUTO HTTP/1.1 Host: rtk.geodnet.com User-Agent: NTRIP TPA Client/0.0.0 Authorization: Basic bGFrZWNvdGVzdDpsYWtlY290ZXN0 Connection: close', '', '0', '0', '0', '0', '']
2025-05-09 02:36:08,294 - INFO - Skipping row: Empty Miner SN - Row Data: ['lakecotest', 'AUTO', '', '174.235.214.108', 'Failure', 'Account expired', '', '0', '0', '2025/05/08 22:06:42', '0', '0', 'GET /AUTO HTTP/1.1 Host: rtk.geodnet.com User-Agent: NTRIP TPA Client/0.0.0 Authorization: Basic bGFrZWNvdGVzdDpsYWtlY290ZXN0 Connection: close', '', '0', '0', '0', '0', '']
2025-05-09 02:36:08,591 - INFO - Skipping row: Empty Miner SN - Row Data: ['lakecotest', 'AUTO', '', '174.235.214.108', 'Failure', 'Account expired', '', '0', '0', '2025/05/08 22:06:37', '0', '0', 'GET /AUTO HTTP/1.1 Host: rtk.geodnet.com User-Agent: NTRIP TPA Client/0.0.0 Authorization: Basic bGFrZWNvdGVzdDpsYWtlY290ZXN0 Connection: close', '', '0', '0', '0', '0', '']
2025-05-09 02:36:08,846 - INFO - Skipping row: Empty Miner SN - Row Data: ['lakecotest', 'AUTO', '', '174.235.214.108', 'Failure', 'Account expired', '', '0', '0', '2025/05/08 22:06:32', '0', '0', 'GET /AUTO HTTP/1.1 Host: rtk.geodnet.com User-Agent: NTRIP TPA Client/0.0.0 Authorization: Basic bGFrZWNvdGVzdDpsYWtlY290ZXN0 Connection: close', '', '0', '0', '0', '0', '']
2025-05-09 02:36:09,102 - INFO - Skipping row: Empty Miner SN - Row Data: ['lakecotest', 'AUTO', '', '174.235.214.108', 'Failure', 'Account expired', '', '0', '0', '2025/05/08 22:06:27', '0', '0', 'GET /AUTO HTTP/1.1 Host: rtk.geodnet.com User-Agent: NTRIP TPA Client/0.0.0 Authorization: Basic bGFrZWNvdGVzdDpsYWtlY290ZXN0 Connection: close', '', '0', '0', '0', '0', '']
2025-05-09 02:36:09,351 - INFO - Skipping row: Empty Miner SN - Row Data: ['lakecotest', 'AUTO', '', '174.235.214.108', 'Failure', 'Account expired', '', '0', '0', '2025/05/08 22:06:22', '0', '0', 'GET /AUTO HTTP/1.1 Host: rtk.geodnet.com User-Agent: NTRIP TPA Client/0.0.0 Authorization: Basic bGFrZWNvdGVzdDpsYWtlY290ZXN0 Connection: close', '', '0', '0', '0', '0', '']
2025-05-09 02:36:09,576 - INFO - Skipping row: Empty Miner SN - Row Data: ['lakecotest', 'AUTO', '', '174.235.214.108', 'Failure', 'Account expired', '', '0', '0', '2025/05/08 22:06:17', '0', '0', 'GET /AUTO HTTP/1.1 Host: rtk.geodnet.com User-Agent: NTRIP TPA Client/0.0.0 Authorization: Basic bGFrZWNvdGVzdDpsYWtlY290ZXN0 Connection: close', '', '0', '0', '0', '0', '']
2025-05-09 02:36:09,793 - INFO - Skipping row: Empty Miner SN - Row Data: ['lakecotest', 'AUTO', '', '174.235.214.108', 'Failure', 'Account expired', '', '0', '0', '2025/05/08 22:06:12', '0', '0', 'GET /AUTO HTTP/1.1 Host: rtk.geodnet.com User-Agent: NTRIP TPA Client/0.0.0 Authorization: Basic bGFrZWNvdGVzdDpsYWtlY290ZXN0 Connection: close', '', '0', '0', '0', '0', '']
2025-05-09 02:36:10,007 - INFO - Skipping row: Empty Miner SN - Row Data: ['lakecotest', 'AUTO', '', '174.235.214.108', 'Failure', 'Account expired', '', '0', '0', '2025/05/08 22:06:07', '0', '0', 'GET /AUTO HTTP/1.1 Host: rtk.geodnet.com User-Agent: NTRIP TPA Client/0.0.0 Authorization: Basic bGFrZWNvdGVzdDpsYWtlY290ZXN0 Connection: close', '', '0', '0', '0', '0', '']
2025-05-09 02:36:10,241 - INFO - Skipping row: Empty Miner SN - Row Data: ['lakecotest', 'AUTO', '', '174.235.214.108', 'Failure', 'Account expired', '', '0', '0', '2025/05/08 22:06:02', '0', '0', 'GET /AUTO HTTP/1.1 Host: rtk.geodnet.com User-Agent: NTRIP TPA Client/0.0.0 Authorization: Basic bGFrZWNvdGVzdDpsYWtlY290ZXN0 Connection: close', '', '0', '0', '0', '0', '']
2025-05-09 02:36:10,472 - INFO - Skipping row: Empty Miner SN - Row Data: ['lakecotest', 'AUTO', '', '174.235.214.108', 'Failure', 'Account expired', '', '0', '0', '2025/05/08 22:05:57', '0', '0', 'GET /AUTO HTTP/1.1 Host: rtk.geodnet.com User-Agent: NTRIP TPA Client/0.0.0 Authorization: Basic bGFrZWNvdGVzdDpsYWtlY290ZXN0 Connection: close', '', '0', '0', '0', '0', '']
2025-05-09 02:36:10,679 - INFO - Skipping row: Empty Miner SN - Row Data: ['lakecotest', 'AUTO', '', '174.235.214.108', 'Failure', 'Account expired', '', '0', '0', '2025/05/08 22:05:52', '0', '0', 'GET /AUTO HTTP/1.1 Host: rtk.geodnet.com User-Agent: NTRIP TPA Client/0.0.0 Authorization: Basic bGFrZWNvdGVzdDpsYWtlY290ZXN0 Connection: close', '', '0', '0', '0', '0', '']
2025-05-09 02:36:10,941 - INFO - Skipping row: Empty Miner SN - Row Data: ['lakecotest', 'AUTO', '', '174.235.214.108', 'Failure', 'Account expired', '', '0', '0', '2025/05/08 22:05:47', '0', '0', 'GET /AUTO HTTP/1.1 Host: rtk.geodnet.com User-Agent: NTRIP TPA Client/0.0.0 Authorization: Basic bGFrZWNvdGVzdDpsYWtlY290ZXN0 Connection: close', '', '0', '0', '0', '0', '']
2025-05-09 02:36:11,130 - INFO - Skipping row: Empty Miner SN - Row Data: ['lakecotest', 'AUTO', '', '174.235.214.108', 'Failure', 'Account expired', '', '0', '0', '2025/05/08 22:05:42', '0', '0', 'GET /AUTO HTTP/1.1 Host: rtk.geodnet.com User-Agent: NTRIP TPA Client/0.0.0 Authorization: Basic bGFrZWNvdGVzdDpsYWtlY290ZXN0 Connection: close', '', '0', '0', '0', '0', '']
2025-05-09 02:36:11,336 - INFO - Skipping row: Empty Miner SN - Row Data: ['lakecotest', 'AUTO', '', '174.235.214.108', 'Failure', 'Account expired', '', '0', '0', '2025/05/08 22:05:37', '0', '0', 'GET /AUTO HTTP/1.1 Host: rtk.geodnet.com User-Agent: NTRIP TPA Client/0.0.0 Authorization: Basic bGFrZWNvdGVzdDpsYWtlY290ZXN0 Connection: close', '', '0', '0', '0', '0', '']
2025-05-09 02:36:11,600 - INFO - Skipping row: Empty Miner SN - Row Data: ['lakecotest', 'AUTO', '', '174.235.214.108', 'Failure', 'Account expired', '', '0', '0', '2025/05/08 22:05:32', '0', '0', 'GET /AUTO HTTP/1.1 Host: rtk.geodnet.com User-Agent: NTRIP TPA Client/0.0.0 Authorization: Basic bGFrZWNvdGVzdDpsYWtlY290ZXN0 Connection: close', '', '0', '0', '0', '0', '']
2025-05-09 02:36:11,828 - INFO - Skipping row: Empty Miner SN - Row Data: ['lakecotest', 'AUTO', '', '174.235.214.108', 'Failure', 'Account expired', '', '0', '0', '2025/05/08 22:05:27', '0', '0', 'GET /AUTO HTTP/1.1 Host: rtk.geodnet.com User-Agent: NTRIP TPA Client/0.0.0 Authorization: Basic bGFrZWNvdGVzdDpsYWtlY290ZXN0 Connection: close', '', '0', '0', '0', '0', '']
2025-05-09 02:36:13,942 - INFO - No modal detected.
2025-05-09 02:36:14,192 - INFO - Navigating to page 13...
2025-05-09 02:36:14,193 - INFO - Scraping page 13...
2025-05-09 02:36:14,214 - INFO - Log table found.
2025-05-09 02:36:14,232 - INFO - Found 21 rows on page 13.
2025-05-09 02:36:14,584 - INFO - Skipping row: Empty Miner SN - Row Data: ['lakecotest', 'AUTO', '', '174.235.214.108', 'Failure', 'Account expired', '', '0', '0', '2025/05/08 22:05:21', '0', '0', 'GET /AUTO HTTP/1.1 Host: rtk.geodnet.com User-Agent: NTRIP TPA Client/0.0.0 Authorization: Basic bGFrZWNvdGVzdDpsYWtlY290ZXN0 Connection: close', '', '0', '0', '0', '0', '']
2025-05-09 02:36:14,894 - INFO - Skipping row: Empty Miner SN - Row Data: ['lakecotest', 'AUTO', '', '174.235.214.108', 'Failure', 'Account expired', '', '0', '0', '2025/05/08 22:05:17', '0', '0', 'GET /AUTO HTTP/1.1 Host: rtk.geodnet.com User-Agent: NTRIP TPA Client/0.0.0 Authorization: Basic bGFrZWNvdGVzdDpsYWtlY290ZXN0 Connection: close', '', '0', '0', '0', '0', '']
2025-05-09 02:36:15,168 - INFO - Skipping row: Empty Miner SN - Row Data: ['lakecotest', 'AUTO', '', '174.235.214.108', 'Failure', 'Account expired', '', '0', '0', '2025/05/08 22:05:12', '0', '0', 'GET /AUTO HTTP/1.1 Host: rtk.geodnet.com User-Agent: NTRIP TPA Client/0.0.0 Authorization: Basic bGFrZWNvdGVzdDpsYWtlY290ZXN0 Connection: close', '', '0', '0', '0', '0', '']
2025-05-09 02:36:15,413 - INFO - Skipping row: Empty Miner SN - Row Data: ['lakecotest', 'AUTO', '', '174.235.214.108', 'Failure', 'Account expired', '', '0', '0', '2025/05/08 22:05:07', '0', '0', 'GET /AUTO HTTP/1.1 Host: rtk.geodnet.com User-Agent: NTRIP TPA Client/0.0.0 Authorization: Basic bGFrZWNvdGVzdDpsYWtlY290ZXN0 Connection: close', '', '0', '0', '0', '0', '']
2025-05-09 02:36:15,715 - INFO - Skipping row: Empty Miner SN - Row Data: ['lakecotest', 'AUTO', '', '174.235.214.108', 'Failure', 'Account expired', '', '0', '0', '2025/05/08 22:05:02', '0', '0', 'GET /AUTO HTTP/1.1 Host: rtk.geodnet.com User-Agent: NTRIP TPA Client/0.0.0 Authorization: Basic bGFrZWNvdGVzdDpsYWtlY290ZXN0 Connection: close', '', '0', '0', '0', '0', '']
2025-05-09 02:36:16,034 - INFO - Skipping row: Empty Miner SN - Row Data: ['lakecotest', 'AUTO', '', '174.235.214.108', 'Failure', 'Account expired', '', '0', '0', '2025/05/08 22:04:56', '0', '0', 'GET /AUTO HTTP/1.1 Host: rtk.geodnet.com User-Agent: NTRIP TPA Client/0.0.0 Authorization: Basic bGFrZWNvdGVzdDpsYWtlY290ZXN0 Connection: close', '', '0', '0', '0', '0', '']
2025-05-09 02:36:16,267 - INFO - Skipping row: Empty Miner SN - Row Data: ['lakecotest', 'AUTO', '', '174.235.214.108', 'Failure', 'Account expired', '', '0', '0', '2025/05/08 22:04:51', '0', '0', 'GET /AUTO HTTP/1.1 Host: rtk.geodnet.com User-Agent: NTRIP TPA Client/0.0.0 Authorization: Basic bGFrZWNvdGVzdDpsYWtlY290ZXN0 Connection: close', '', '0', '0', '0', '0', '']
2025-05-09 02:36:16,574 - INFO - Skipping row: Empty Miner SN - Row Data: ['lakecotest', 'AUTO', '', '174.235.214.108', 'Failure', 'Account expired', '', '0', '0', '2025/05/08 22:04:47', '0', '0', 'GET /AUTO HTTP/1.1 Host: rtk.geodnet.com User-Agent: NTRIP TPA Client/0.0.0 Authorization: Basic bGFrZWNvdGVzdDpsYWtlY290ZXN0 Connection: close', '', '0', '0', '0', '0', '']
2025-05-09 02:36:16,821 - INFO - Skipping row: Empty Miner SN - Row Data: ['lakecotest', 'AUTO', '', '174.235.214.108', 'Failure', 'Account expired', '', '0', '0', '2025/05/08 22:04:41', '0', '0', 'GET /AUTO HTTP/1.1 Host: rtk.geodnet.com User-Agent: NTRIP TPA Client/0.0.0 Authorization: Basic bGFrZWNvdGVzdDpsYWtlY290ZXN0 Connection: close', '', '0', '0', '0', '0', '']
2025-05-09 02:36:17,047 - INFO - Skipping row: Empty Miner SN - Row Data: ['lakecotest', 'AUTO', '', '174.235.214.108', 'Failure', 'Account expired', '', '0', '0', '2025/05/08 22:04:37', '0', '0', 'GET /AUTO HTTP/1.1 Host: rtk.geodnet.com User-Agent: NTRIP TPA Client/0.0.0 Authorization: Basic bGFrZWNvdGVzdDpsYWtlY290ZXN0 Connection: close', '', '0', '0', '0', '0', '']
2025-05-09 02:36:17,289 - INFO - Skipping row: Empty Miner SN - Row Data: ['lakecotest', 'AUTO', '', '174.235.214.108', 'Failure', 'Account expired', '', '0', '0', '2025/05/08 22:04:31', '0', '0', 'GET /AUTO HTTP/1.1 Host: rtk.geodnet.com User-Agent: NTRIP TPA Client/0.0.0 Authorization: Basic bGFrZWNvdGVzdDpsYWtlY290ZXN0 Connection: close', '', '0', '0', '0', '0', '']
2025-05-09 02:36:17,510 - INFO - Skipping row: Empty Miner SN - Row Data: ['lakecotest', 'AUTO', '', '174.235.214.108', 'Failure', 'Account expired', '', '0', '0', '2025/05/08 22:04:27', '0', '0', 'GET /AUTO HTTP/1.1 Host: rtk.geodnet.com User-Agent: NTRIP TPA Client/0.0.0 Authorization: Basic bGFrZWNvdGVzdDpsYWtlY290ZXN0 Connection: close', '', '0', '0', '0', '0', '']
2025-05-09 02:36:17,723 - INFO - Skipping row: Empty Miner SN - Row Data: ['lakecotest', 'AUTO', '', '174.235.214.108', 'Failure', 'Account expired', '', '0', '0', '2025/05/08 22:04:22', '0', '0', 'GET /AUTO HTTP/1.1 Host: rtk.geodnet.com User-Agent: NTRIP TPA Client/0.0.0 Authorization: Basic bGFrZWNvdGVzdDpsYWtlY290ZXN0 Connection: close', '', '0', '0', '0', '0', '']
2025-05-09 02:36:17,941 - INFO - Skipping row: Empty Miner SN - Row Data: ['lakecotest', 'AUTO', '', '174.235.214.108', 'Failure', 'Account expired', '', '0', '0', '2025/05/08 22:04:16', '0', '0', 'GET /AUTO HTTP/1.1 Host: rtk.geodnet.com User-Agent: NTRIP TPA Client/0.0.0 Authorization: Basic bGFrZWNvdGVzdDpsYWtlY290ZXN0 Connection: close', '', '0', '0', '0', '0', '']
2025-05-09 02:36:18,207 - INFO - Skipping row: Empty Miner SN - Row Data: ['lakecotest', 'AUTO', '', '174.235.214.108', 'Failure', 'Account expired', '', '0', '0', '2025/05/08 22:04:11', '0', '0', 'GET /AUTO HTTP/1.1 Host: rtk.geodnet.com User-Agent: NTRIP TPA Client/0.0.0 Authorization: Basic bGFrZWNvdGVzdDpsYWtlY290ZXN0 Connection: close', '', '0', '0', '0', '0', '']
2025-05-09 02:36:18,501 - INFO - Skipping row: Empty Miner SN - Row Data: ['lakecotest', 'AUTO', '', '174.235.214.108', 'Failure', 'Account expired', '', '0', '0', '2025/05/08 22:04:06', '0', '0', 'GET /AUTO HTTP/1.1 Host: rtk.geodnet.com User-Agent: NTRIP TPA Client/0.0.0 Authorization: Basic bGFrZWNvdGVzdDpsYWtlY290ZXN0 Connection: close', '', '0', '0', '0', '0', '']
2025-05-09 02:36:18,750 - INFO - Skipping row: Empty Miner SN - Row Data: ['lakecotest', 'AUTO', '', '174.235.214.108', 'Failure', 'Account expired', '', '0', '0', '2025/05/08 22:04:01', '0', '0', 'GET /AUTO HTTP/1.1 Host: rtk.geodnet.com User-Agent: NTRIP TPA Client/0.0.0 Authorization: Basic bGFrZWNvdGVzdDpsYWtlY290ZXN0 Connection: close', '', '0', '0', '0', '0', '']
2025-05-09 02:36:18,981 - INFO - Skipping row: Empty Miner SN - Row Data: ['lakecotest', 'AUTO', '', '174.235.214.108', 'Failure', 'Account expired', '', '0', '0', '2025/05/08 22:03:57', '0', '0', 'GET /AUTO HTTP/1.1 Host: rtk.geodnet.com User-Agent: NTRIP TPA Client/0.0.0 Authorization: Basic bGFrZWNvdGVzdDpsYWtlY290ZXN0 Connection: close', '', '0', '0', '0', '0', '']
2025-05-09 02:36:19,186 - INFO - Skipping row: Empty Miner SN - Row Data: ['lakecotest', 'AUTO', '', '174.235.214.108', 'Failure', 'Account expired', '', '0', '0', '2025/05/08 22:03:51', '0', '0', 'GET /AUTO HTTP/1.1 Host: rtk.geodnet.com User-Agent: NTRIP TPA Client/0.0.0 Authorization: Basic bGFrZWNvdGVzdDpsYWtlY290ZXN0 Connection: close', '', '0', '0', '0', '0', '']
2025-05-09 02:36:19,401 - INFO - Skipping row: Empty Miner SN - Row Data: ['lakecotest', 'AUTO', '', '174.235.214.108', 'Failure', 'Account expired', '', '0', '0', '2025/05/08 22:03:46', '0', '0', 'GET /AUTO HTTP/1.1 Host: rtk.geodnet.com User-Agent: NTRIP TPA Client/0.0.0 Authorization: Basic bGFrZWNvdGVzdDpsYWtlY290ZXN0 Connection: close', '', '0', '0', '0', '0', '']
2025-05-09 02:36:21,509 - INFO - No modal detected.
2025-05-09 02:36:21,677 - INFO - Navigating to page 14...
2025-05-09 02:36:21,677 - INFO - Scraping page 14...
2025-05-09 02:36:21,695 - INFO - Log table found.
2025-05-09 02:36:21,715 - INFO - Found 21 rows on page 14.
2025-05-09 02:36:22,108 - INFO - Skipping row: Empty Miner SN - Row Data: ['lakecotest', 'AUTO', '', '174.235.214.108', 'Failure', 'Account expired', '', '0', '0', '2025/05/08 22:03:41', '0', '0', 'GET /AUTO HTTP/1.1 Host: rtk.geodnet.com User-Agent: NTRIP TPA Client/0.0.0 Authorization: Basic bGFrZWNvdGVzdDpsYWtlY290ZXN0 Connection: close', '', '0', '0', '0', '0', '']
2025-05-09 02:36:22,432 - INFO - Skipping row: Empty Miner SN - Row Data: ['lakecotest', 'AUTO', '', '174.235.214.108', 'Failure', 'Account expired', '', '0', '0', '2025/05/08 22:03:36', '0', '0', 'GET /AUTO HTTP/1.1 Host: rtk.geodnet.com User-Agent: NTRIP TPA Client/0.0.0 Authorization: Basic bGFrZWNvdGVzdDpsYWtlY290ZXN0 Connection: close', '', '0', '0', '0', '0', '']
2025-05-09 02:36:22,811 - INFO - Skipping row: Empty Miner SN - Row Data: ['lakecotest', 'AUTO', '', '174.235.214.108', 'Failure', 'Account expired', '', '0', '0', '2025/05/08 22:03:32', '0', '0', 'GET /AUTO HTTP/1.1 Host: rtk.geodnet.com User-Agent: NTRIP TPA Client/0.0.0 Authorization: Basic bGFrZWNvdGVzdDpsYWtlY290ZXN0 Connection: close', '', '0', '0', '0', '0', '']
2025-05-09 02:36:23,135 - INFO - Skipping row: Empty Miner SN - Row Data: ['lakecotest', 'AUTO', '', '174.235.214.108', 'Failure', 'Account expired', '', '0', '0', '2025/05/08 22:03:26', '0', '0', 'GET /AUTO HTTP/1.1 Host: rtk.geodnet.com User-Agent: NTRIP TPA Client/0.0.0 Authorization: Basic bGFrZWNvdGVzdDpsYWtlY290ZXN0 Connection: close', '', '0', '0', '0', '0', '']
2025-05-09 02:36:23,461 - INFO - Skipping row: Empty Miner SN - Row Data: ['lakecotest', 'AUTO', '', '174.235.214.108', 'Failure', 'Account expired', '', '0', '0', '2025/05/08 22:03:22', '0', '0', 'GET /AUTO HTTP/1.1 Host: rtk.geodnet.com User-Agent: NTRIP TPA Client/0.0.0 Authorization: Basic bGFrZWNvdGVzdDpsYWtlY290ZXN0 Connection: close', '', '0', '0', '0', '0', '']
2025-05-09 02:36:23,755 - INFO - Skipping row: Empty Miner SN - Row Data: ['lakecotest', 'AUTO', '', '174.235.214.108', 'Failure', 'Account expired', '', '0', '0', '2025/05/08 22:03:16', '0', '0', 'GET /AUTO HTTP/1.1 Host: rtk.geodnet.com User-Agent: NTRIP TPA Client/0.0.0 Authorization: Basic bGFrZWNvdGVzdDpsYWtlY290ZXN0 Connection: close', '', '0', '0', '0', '0', '']
2025-05-09 02:36:24,033 - INFO - Skipping row: Empty Miner SN - Row Data: ['lakecotest', 'AUTO', '', '174.235.214.108', 'Failure', 'Account expired', '', '0', '0', '2025/05/08 22:03:11', '0', '0', 'GET /AUTO HTTP/1.1 Host: rtk.geodnet.com User-Agent: NTRIP TPA Client/0.0.0 Authorization: Basic bGFrZWNvdGVzdDpsYWtlY290ZXN0 Connection: close', '', '0', '0', '0', '0', '']
2025-05-09 02:36:24,295 - INFO - Skipping row: Empty Miner SN - Row Data: ['lakecotest', 'AUTO', '', '174.235.214.108', 'Failure', 'Account expired', '', '0', '0', '2025/05/08 22:03:06', '0', '0', 'GET /AUTO HTTP/1.1 Host: rtk.geodnet.com User-Agent: NTRIP TPA Client/0.0.0 Authorization: Basic bGFrZWNvdGVzdDpsYWtlY290ZXN0 Connection: close', '', '0', '0', '0', '0', '']
2025-05-09 02:36:24,565 - INFO - Skipping row: Empty Miner SN - Row Data: ['lakecotest', 'AUTO', '', '174.235.214.108', 'Failure', 'Account expired', '', '0', '0', '2025/05/08 22:03:01', '0', '0', 'GET /AUTO HTTP/1.1 Host: rtk.geodnet.com User-Agent: NTRIP TPA Client/0.0.0 Authorization: Basic bGFrZWNvdGVzdDpsYWtlY290ZXN0 Connection: close', '', '0', '0', '0', '0', '']
2025-05-09 02:36:24,838 - INFO - Skipping row: Empty Miner SN - Row Data: ['lakecotest', 'AUTO', '', '174.235.214.108', 'Failure', 'Account expired', '', '0', '0', '2025/05/08 22:02:56', '0', '0', 'GET /AUTO HTTP/1.1 Host: rtk.geodnet.com User-Agent: NTRIP TPA Client/0.0.0 Authorization: Basic bGFrZWNvdGVzdDpsYWtlY290ZXN0 Connection: close', '', '0', '0', '0', '0', '']
2025-05-09 02:36:25,095 - INFO - Skipping row: Empty Miner SN - Row Data: ['lakecotest', 'AUTO', '', '174.235.214.108', 'Failure', 'Account expired', '', '0', '0', '2025/05/08 22:02:51', '0', '0', 'GET /AUTO HTTP/1.1 Host: rtk.geodnet.com User-Agent: NTRIP TPA Client/0.0.0 Authorization: Basic bGFrZWNvdGVzdDpsYWtlY290ZXN0 Connection: close', '', '0', '0', '0', '0', '']
2025-05-09 02:36:25,350 - INFO - Skipping row: Empty Miner SN - Row Data: ['lakecotest', 'AUTO', '', '174.235.214.108', 'Failure', 'Account expired', '', '0', '0', '2025/05/08 22:02:46', '0', '0', 'GET /AUTO HTTP/1.1 Host: rtk.geodnet.com User-Agent: NTRIP TPA Client/0.0.0 Authorization: Basic bGFrZWNvdGVzdDpsYWtlY290ZXN0 Connection: close', '', '0', '0', '0', '0', '']
2025-05-09 02:36:25,619 - INFO - Skipping row: Empty Miner SN - Row Data: ['lakecotest', 'AUTO', '', '174.235.214.108', 'Failure', 'Account expired', '', '0', '0', '2025/05/08 22:02:41', '0', '0', 'GET /AUTO HTTP/1.1 Host: rtk.geodnet.com User-Agent: NTRIP TPA Client/0.0.0 Authorization: Basic bGFrZWNvdGVzdDpsYWtlY290ZXN0 Connection: close', '', '0', '0', '0', '0', '']
2025-05-09 02:36:25,919 - INFO - Skipping row: Empty Miner SN - Row Data: ['lakecotest', 'AUTO', '', '174.235.214.108', 'Failure', 'Account expired', '', '0', '0', '2025/05/08 22:02:36', '0', '0', 'GET /AUTO HTTP/1.1 Host: rtk.geodnet.com User-Agent: NTRIP TPA Client/0.0.0 Authorization: Basic bGFrZWNvdGVzdDpsYWtlY290ZXN0 Connection: close', '', '0', '0', '0', '0', '']
2025-05-09 02:36:26,152 - INFO - Skipping row: Empty Miner SN - Row Data: ['lakecotest', 'AUTO', '', '174.235.214.108', 'Failure', 'Account expired', '', '0', '0', '2025/05/08 22:02:31', '0', '0', 'GET /AUTO HTTP/1.1 Host: rtk.geodnet.com User-Agent: NTRIP TPA Client/0.0.0 Authorization: Basic bGFrZWNvdGVzdDpsYWtlY290ZXN0 Connection: close', '', '0', '0', '0', '0', '']
2025-05-09 02:36:26,371 - INFO - Skipping row: Empty Miner SN - Row Data: ['lakecotest', 'AUTO', '', '174.235.214.108', 'Failure', 'Account expired', '', '0', '0', '2025/05/08 22:02:26', '0', '0', 'GET /AUTO HTTP/1.1 Host: rtk.geodnet.com User-Agent: NTRIP TPA Client/0.0.0 Authorization: Basic bGFrZWNvdGVzdDpsYWtlY290ZXN0 Connection: close', '', '0', '0', '0', '0', '']
2025-05-09 02:36:26,579 - INFO - Skipping row: Empty Miner SN - Row Data: ['lakecotest', 'AUTO', '', '174.235.214.108', 'Failure', 'Account expired', '', '0', '0', '2025/05/08 22:02:21', '0', '0', 'GET /AUTO HTTP/1.1 Host: rtk.geodnet.com User-Agent: NTRIP TPA Client/0.0.0 Authorization: Basic bGFrZWNvdGVzdDpsYWtlY290ZXN0 Connection: close', '', '0', '0', '0', '0', '']
2025-05-09 02:36:26,817 - INFO - Skipping row: Empty Miner SN - Row Data: ['lakecotest', 'AUTO', '', '174.235.214.108', 'Failure', 'Account expired', '', '0', '0', '2025/05/08 22:02:16', '0', '0', 'GET /AUTO HTTP/1.1 Host: rtk.geodnet.com User-Agent: NTRIP TPA Client/0.0.0 Authorization: Basic bGFrZWNvdGVzdDpsYWtlY290ZXN0 Connection: close', '', '0', '0', '0', '0', '']
2025-05-09 02:36:27,036 - INFO - Skipping row: Empty Miner SN - Row Data: ['lakecotest', 'AUTO', '', '174.235.214.108', 'Failure', 'Account expired', '', '0', '0', '2025/05/08 22:02:11', '0', '0', 'GET /AUTO HTTP/1.1 Host: rtk.geodnet.com User-Agent: NTRIP TPA Client/0.0.0 Authorization: Basic bGFrZWNvdGVzdDpsYWtlY290ZXN0 Connection: close', '', '0', '0', '0', '0', '']
2025-05-09 02:36:27,229 - INFO - Skipping row: Empty Miner SN - Row Data: ['lakecotest', 'AUTO', '', '174.235.214.108', 'Failure', 'Account expired', '', '0', '0', '2025/05/08 22:02:06', '0', '0', 'GET /AUTO HTTP/1.1 Host: rtk.geodnet.com User-Agent: NTRIP TPA Client/0.0.0 Authorization: Basic bGFrZWNvdGVzdDpsYWtlY290ZXN0 Connection: close', '', '0', '0', '0', '0', '']
2025-05-09 02:36:29,377 - INFO - No modal detected.
2025-05-09 02:36:29,521 - INFO - Navigating to page 15...
2025-05-09 02:36:29,522 - INFO - Scraping page 15...
2025-05-09 02:36:29,546 - INFO - Log table found.
2025-05-09 02:36:29,564 - INFO - Found 21 rows on page 15.
2025-05-09 02:36:29,957 - INFO - Skipping row: Empty Miner SN - Row Data: ['lakecotest', 'AUTO', '', '174.235.214.108', 'Failure', 'Account expired', '', '0', '0', '2025/05/08 22:02:01', '0', '0', 'GET /AUTO HTTP/1.1 Host: rtk.geodnet.com User-Agent: NTRIP TPA Client/0.0.0 Authorization: Basic bGFrZWNvdGVzdDpsYWtlY290ZXN0 Connection: close', '', '0', '0', '0', '0', '']
2025-05-09 02:36:30,264 - INFO - Skipping row: Empty Miner SN - Row Data: ['lakecotest', 'AUTO', '', '174.235.214.108', 'Failure', 'Account expired', '', '0', '0', '2025/05/08 22:01:56', '0', '0', 'GET /AUTO HTTP/1.1 Host: rtk.geodnet.com User-Agent: NTRIP TPA Client/0.0.0 Authorization: Basic bGFrZWNvdGVzdDpsYWtlY290ZXN0 Connection: close', '', '0', '0', '0', '0', '']
2025-05-09 02:36:30,573 - INFO - Skipping row: Empty Miner SN - Row Data: ['lakecotest', 'AUTO', '', '174.235.214.108', 'Failure', 'Account expired', '', '0', '0', '2025/05/08 22:01:51', '0', '0', 'GET /AUTO HTTP/1.1 Host: rtk.geodnet.com User-Agent: NTRIP TPA Client/0.0.0 Authorization: Basic bGFrZWNvdGVzdDpsYWtlY290ZXN0 Connection: close', '', '0', '0', '0', '0', '']
2025-05-09 02:36:30,982 - INFO - Skipping row: Empty Miner SN - Row Data: ['lakecotest', 'AUTO', '', '174.235.214.108', 'Failure', 'Account expired', '', '0', '0', '2025/05/08 22:01:46', '0', '0', 'GET /AUTO HTTP/1.1 Host: rtk.geodnet.com User-Agent: NTRIP TPA Client/0.0.0 Authorization: Basic bGFrZWNvdGVzdDpsYWtlY290ZXN0 Connection: close', '', '0', '0', '0', '0', '']
2025-05-09 02:36:31,311 - INFO - Skipping row: Empty Miner SN - Row Data: ['lakecotest', 'AUTO', '', '174.235.214.108', 'Failure', 'Account expired', '', '0', '0', '2025/05/08 22:01:41', '0', '0', 'GET /AUTO HTTP/1.1 Host: rtk.geodnet.com User-Agent: NTRIP TPA Client/0.0.0 Authorization: Basic bGFrZWNvdGVzdDpsYWtlY290ZXN0 Connection: close', '', '0', '0', '0', '0', '']
2025-05-09 02:36:31,593 - INFO - Skipping row: Empty Miner SN - Row Data: ['lakecotest', 'AUTO', '', '174.235.214.108', 'Failure', 'Account expired', '', '0', '0', '2025/05/08 22:01:36', '0', '0', 'GET /AUTO HTTP/1.1 Host: rtk.geodnet.com User-Agent: NTRIP TPA Client/0.0.0 Authorization: Basic bGFrZWNvdGVzdDpsYWtlY290ZXN0 Connection: close', '', '0', '0', '0', '0', '']
2025-05-09 02:36:31,917 - INFO - Skipping row: Empty Miner SN - Row Data: ['lakecotest', 'AUTO', '', '174.235.214.108', 'Failure', 'Account expired', '', '0', '0', '2025/05/08 22:01:31', '0', '0', 'GET /AUTO HTTP/1.1 Host: rtk.geodnet.com User-Agent: NTRIP TPA Client/0.0.0 Authorization: Basic bGFrZWNvdGVzdDpsYWtlY290ZXN0 Connection: close', '', '0', '0', '0', '0', '']
2025-05-09 02:36:32,258 - INFO - Skipping row: Empty Miner SN - Row Data: ['lakecotest', 'AUTO', '', '174.235.214.108', 'Failure', 'Account expired', '', '0', '0', '2025/05/08 22:01:26', '0', '0', 'GET /AUTO HTTP/1.1 Host: rtk.geodnet.com User-Agent: NTRIP TPA Client/0.0.0 Authorization: Basic bGFrZWNvdGVzdDpsYWtlY290ZXN0 Connection: close', '', '0', '0', '0', '0', '']
2025-05-09 02:36:32,576 - INFO - Skipping row: Empty Miner SN - Row Data: ['lakecotest', 'AUTO', '', '174.235.214.108', 'Failure', 'Account expired', '', '0', '0', '2025/05/08 22:01:21', '0', '0', 'GET /AUTO HTTP/1.1 Host: rtk.geodnet.com User-Agent: NTRIP TPA Client/0.0.0 Authorization: Basic bGFrZWNvdGVzdDpsYWtlY290ZXN0 Connection: close', '', '0', '0', '0', '0', '']
2025-05-09 02:36:32,876 - INFO - Skipping row: Empty Miner SN - Row Data: ['lakecotest', 'AUTO', '', '174.235.214.108', 'Failure', 'Account expired', '', '0', '0', '2025/05/08 22:01:16', '0', '0', 'GET /AUTO HTTP/1.1 Host: rtk.geodnet.com User-Agent: NTRIP TPA Client/0.0.0 Authorization: Basic bGFrZWNvdGVzdDpsYWtlY290ZXN0 Connection: close', '', '0', '0', '0', '0', '']
2025-05-09 02:36:33,147 - INFO - Skipping row: Empty Miner SN - Row Data: ['lakecotest', 'AUTO', '', '174.235.214.108', 'Failure', 'Account expired', '', '0', '0', '2025/05/08 22:01:11', '0', '0', 'GET /AUTO HTTP/1.1 Host: rtk.geodnet.com User-Agent: NTRIP TPA Client/0.0.0 Authorization: Basic bGFrZWNvdGVzdDpsYWtlY290ZXN0 Connection: close', '', '0', '0', '0', '0', '']
2025-05-09 02:36:33,442 - INFO - Skipping row: Empty Miner SN - Row Data: ['lakecotest', 'AUTO', '', '174.235.214.108', 'Failure', 'Account expired', '', '0', '0', '2025/05/08 22:01:06', '0', '0', 'GET /AUTO HTTP/1.1 Host: rtk.geodnet.com User-Agent: NTRIP TPA Client/0.0.0 Authorization: Basic bGFrZWNvdGVzdDpsYWtlY290ZXN0 Connection: close', '', '0', '0', '0', '0', '']
2025-05-09 02:36:33,690 - INFO - Skipping row: Empty Miner SN - Row Data: ['lakecotest', 'AUTO', '', '174.235.214.108', 'Failure', 'Account expired', '', '0', '0', '2025/05/08 22:01:01', '0', '0', 'GET /AUTO HTTP/1.1 Host: rtk.geodnet.com User-Agent: NTRIP TPA Client/0.0.0 Authorization: Basic bGFrZWNvdGVzdDpsYWtlY290ZXN0 Connection: close', '', '0', '0', '0', '0', '']
2025-05-09 02:36:33,958 - INFO - Skipping row: Empty Miner SN - Row Data: ['lakecotest', 'AUTO', '', '174.235.214.108', 'Failure', 'Account expired', '', '0', '0', '2025/05/08 22:00:56', '0', '0', 'GET /AUTO HTTP/1.1 Host: rtk.geodnet.com User-Agent: NTRIP TPA Client/0.0.0 Authorization: Basic bGFrZWNvdGVzdDpsYWtlY290ZXN0 Connection: close', '', '0', '0', '0', '0', '']
2025-05-09 02:36:34,216 - INFO - Skipping row: Empty Miner SN - Row Data: ['lakecotest', 'AUTO', '', '174.235.214.108', 'Failure', 'Account expired', '', '0', '0', '2025/05/08 22:00:51', '0', '0', 'GET /AUTO HTTP/1.1 Host: rtk.geodnet.com User-Agent: NTRIP TPA Client/0.0.0 Authorization: Basic bGFrZWNvdGVzdDpsYWtlY290ZXN0 Connection: close', '', '0', '0', '0', '0', '']
2025-05-09 02:36:34,533 - INFO - Skipping row: Empty Miner SN - Row Data: ['lakecotest', 'AUTO', '', '174.235.214.108', 'Failure', 'Account expired', '', '0', '0', '2025/05/08 22:00:46', '0', '0', 'GET /AUTO HTTP/1.1 Host: rtk.geodnet.com User-Agent: NTRIP TPA Client/0.0.0 Authorization: Basic bGFrZWNvdGVzdDpsYWtlY290ZXN0 Connection: close', '', '0', '0', '0', '0', '']
2025-05-09 02:36:34,810 - INFO - Skipping row: Empty Miner SN - Row Data: ['lakecotest', 'AUTO', '', '174.235.214.108', 'Failure', 'Account expired', '', '0', '0', '2025/05/08 22:00:41', '0', '0', 'GET /AUTO HTTP/1.1 Host: rtk.geodnet.com User-Agent: NTRIP TPA Client/0.0.0 Authorization: Basic bGFrZWNvdGVzdDpsYWtlY290ZXN0 Connection: close', '', '0', '0', '0', '0', '']
2025-05-09 02:36:35,036 - INFO - Skipping row: Empty Miner SN - Row Data: ['lakecotest', 'AUTO', '', '174.235.214.108', 'Failure', 'Account expired', '', '0', '0', '2025/05/08 22:00:36', '0', '0', 'GET /AUTO HTTP/1.1 Host: rtk.geodnet.com User-Agent: NTRIP TPA Client/0.0.0 Authorization: Basic bGFrZWNvdGVzdDpsYWtlY290ZXN0 Connection: close', '', '0', '0', '0', '0', '']
2025-05-09 02:36:35,260 - INFO - Skipping row: Empty Miner SN - Row Data: ['lakecotest', 'AUTO', '', '174.235.214.108', 'Failure', 'Account expired', '', '0', '0', '2025/05/08 22:00:31', '0', '0', 'GET /AUTO HTTP/1.1 Host: rtk.geodnet.com User-Agent: NTRIP TPA Client/0.0.0 Authorization: Basic bGFrZWNvdGVzdDpsYWtlY290ZXN0 Connection: close', '', '0', '0', '0', '0', '']
2025-05-09 02:36:35,497 - INFO - Skipping row: Empty Miner SN - Row Data: ['lakecotest', 'AUTO', '', '174.235.214.108', 'Failure', 'Account expired', '', '0', '0', '2025/05/08 22:00:26', '0', '0', 'GET /AUTO HTTP/1.1 Host: rtk.geodnet.com User-Agent: NTRIP TPA Client/0.0.0 Authorization: Basic bGFrZWNvdGVzdDpsYWtlY290ZXN0 Connection: close', '', '0', '0', '0', '0', '']
2025-05-09 02:36:37,639 - INFO - No modal detected.
2025-05-09 02:36:37,738 - INFO - Navigating to page 16...
2025-05-09 02:36:37,739 - INFO - Scraping page 16...
2025-05-09 02:36:37,756 - INFO - Log table found.
2025-05-09 02:36:37,774 - INFO - Found 21 rows on page 16.
2025-05-09 02:36:38,133 - INFO - Skipping row: Empty Miner SN - Row Data: ['lakecotest', 'AUTO', '', '174.235.214.108', 'Failure', 'Account expired', '', '0', '0', '2025/05/08 22:00:21', '0', '0', 'GET /AUTO HTTP/1.1 Host: rtk.geodnet.com User-Agent: NTRIP TPA Client/0.0.0 Authorization: Basic bGFrZWNvdGVzdDpsYWtlY290ZXN0 Connection: close', '', '0', '0', '0', '0', '']
2025-05-09 02:36:38,448 - INFO - Skipping row: Empty Miner SN - Row Data: ['lakecotest', 'AUTO', '', '174.235.214.108', 'Failure', 'Account expired', '', '0', '0', '2025/05/08 22:00:16', '0', '0', 'GET /AUTO HTTP/1.1 Host: rtk.geodnet.com User-Agent: NTRIP TPA Client/0.0.0 Authorization: Basic bGFrZWNvdGVzdDpsYWtlY290ZXN0 Connection: close', '', '0', '0', '0', '0', '']
2025-05-09 02:36:38,744 - INFO - Skipping row: Empty Miner SN - Row Data: ['lakecotest', 'AUTO', '', '174.235.214.108', 'Failure', 'Account expired', '', '0', '0', '2025/05/08 22:00:11', '0', '0', 'GET /AUTO HTTP/1.1 Host: rtk.geodnet.com User-Agent: NTRIP TPA Client/0.0.0 Authorization: Basic bGFrZWNvdGVzdDpsYWtlY290ZXN0 Connection: close', '', '0', '0', '0', '0', '']
2025-05-09 02:36:39,027 - INFO - Skipping row: Empty Miner SN - Row Data: ['lakecotest', 'AUTO', '', '174.235.214.108', 'Failure', 'Account expired', '', '0', '0', '2025/05/08 22:00:06', '0', '0', 'GET /AUTO HTTP/1.1 Host: rtk.geodnet.com User-Agent: NTRIP TPA Client/0.0.0 Authorization: Basic bGFrZWNvdGVzdDpsYWtlY290ZXN0 Connection: close', '', '0', '0', '0', '0', '']
2025-05-09 02:36:39,328 - INFO - Skipping row: Empty Miner SN - Row Data: ['lakecotest', 'AUTO', '', '174.235.214.108', 'Failure', 'Account expired', '', '0', '0', '2025/05/08 22:00:01', '0', '0', 'GET /AUTO HTTP/1.1 Host: rtk.geodnet.com User-Agent: NTRIP TPA Client/0.0.0 Authorization: Basic bGFrZWNvdGVzdDpsYWtlY290ZXN0 Connection: close', '', '0', '0', '0', '0', '']
2025-05-09 02:36:39,656 - INFO - Skipping row: Empty Miner SN - Row Data: ['lakecotest', 'AUTO', '', '174.235.214.108', 'Failure', 'Account expired', '', '0', '0', '2025/05/08 21:59:56', '0', '0', 'GET /AUTO HTTP/1.1 Host: rtk.geodnet.com User-Agent: NTRIP TPA Client/0.0.0 Authorization: Basic bGFrZWNvdGVzdDpsYWtlY290ZXN0 Connection: close', '', '0', '0', '0', '0', '']
2025-05-09 02:36:39,998 - INFO - Skipping row: Empty Miner SN - Row Data: ['lakecotest', 'AUTO', '', '174.235.214.108', 'Failure', 'Account expired', '', '0', '0', '2025/05/08 21:59:51', '0', '0', 'GET /AUTO HTTP/1.1 Host: rtk.geodnet.com User-Agent: NTRIP TPA Client/0.0.0 Authorization: Basic bGFrZWNvdGVzdDpsYWtlY290ZXN0 Connection: close', '', '0', '0', '0', '0', '']
2025-05-09 02:36:40,285 - INFO - Skipping row: Empty Miner SN - Row Data: ['lakecotest', 'AUTO', '', '174.235.214.108', 'Failure', 'Account expired', '', '0', '0', '2025/05/08 21:59:46', '0', '0', 'GET /AUTO HTTP/1.1 Host: rtk.geodnet.com User-Agent: NTRIP TPA Client/0.0.0 Authorization: Basic bGFrZWNvdGVzdDpsYWtlY290ZXN0 Connection: close', '', '0', '0', '0', '0', '']
2025-05-09 02:36:40,681 - INFO - Skipping row: Empty Miner SN - Row Data: ['lakecotest', 'AUTO', '', '174.235.214.108', 'Failure', 'Account expired', '', '0', '0', '2025/05/08 21:59:41', '0', '0', 'GET /AUTO HTTP/1.1 Host: rtk.geodnet.com User-Agent: NTRIP TPA Client/0.0.0 Authorization: Basic bGFrZWNvdGVzdDpsYWtlY290ZXN0 Connection: close', '', '0', '0', '0', '0', '']
2025-05-09 02:36:41,062 - INFO - Skipping row: Empty Miner SN - Row Data: ['lakecotest', 'AUTO', '', '174.235.214.108', 'Failure', 'Account expired', '', '0', '0', '2025/05/08 21:59:36', '0', '0', 'GET /AUTO HTTP/1.1 Host: rtk.geodnet.com User-Agent: NTRIP TPA Client/0.0.0 Authorization: Basic bGFrZWNvdGVzdDpsYWtlY290ZXN0 Connection: close', '', '0', '0', '0', '0', '']
2025-05-09 02:36:41,387 - INFO - Skipping row: Empty Miner SN - Row Data: ['lakecotest', 'AUTO', '', '174.235.214.108', 'Failure', 'Account expired', '', '0', '0', '2025/05/08 21:59:31', '0', '0', 'GET /AUTO HTTP/1.1 Host: rtk.geodnet.com User-Agent: NTRIP TPA Client/0.0.0 Authorization: Basic bGFrZWNvdGVzdDpsYWtlY290ZXN0 Connection: close', '', '0', '0', '0', '0', '']
2025-05-09 02:36:41,671 - INFO - Skipping row: Empty Miner SN - Row Data: ['lakecotest', 'AUTO', '', '174.235.214.108', 'Failure', 'Account expired', '', '0', '0', '2025/05/08 21:59:26', '0', '0', 'GET /AUTO HTTP/1.1 Host: rtk.geodnet.com User-Agent: NTRIP TPA Client/0.0.0 Authorization: Basic bGFrZWNvdGVzdDpsYWtlY290ZXN0 Connection: close', '', '0', '0', '0', '0', '']
2025-05-09 02:36:41,952 - INFO - Skipping row: Empty Miner SN - Row Data: ['lakecotest', 'AUTO', '', '174.235.214.108', 'Failure', 'Account expired', '', '0', '0', '2025/05/08 21:59:21', '0', '0', 'GET /AUTO HTTP/1.1 Host: rtk.geodnet.com User-Agent: NTRIP TPA Client/0.0.0 Authorization: Basic bGFrZWNvdGVzdDpsYWtlY290ZXN0 Connection: close', '', '0', '0', '0', '0', '']
2025-05-09 02:36:42,218 - INFO - Skipping row: Empty Miner SN - Row Data: ['lakecotest', 'AUTO', '', '174.235.214.108', 'Failure', 'Account expired', '', '0', '0', '2025/05/08 21:59:16', '0', '0', 'GET /AUTO HTTP/1.1 Host: rtk.geodnet.com User-Agent: NTRIP TPA Client/0.0.0 Authorization: Basic bGFrZWNvdGVzdDpsYWtlY290ZXN0 Connection: close', '', '0', '0', '0', '0', '']
2025-05-09 02:36:42,474 - INFO - Skipping row: Empty Miner SN - Row Data: ['lakecotest', 'AUTO', '', '174.235.214.108', 'Failure', 'Account expired', '', '0', '0', '2025/05/08 21:59:11', '0', '0', 'GET /AUTO HTTP/1.1 Host: rtk.geodnet.com User-Agent: NTRIP TPA Client/0.0.0 Authorization: Basic bGFrZWNvdGVzdDpsYWtlY290ZXN0 Connection: close', '', '0', '0', '0', '0', '']
2025-05-09 02:36:42,727 - INFO - Skipping row: Empty Miner SN - Row Data: ['lakecotest', 'AUTO', '', '174.235.214.108', 'Failure', 'Account expired', '', '0', '0', '2025/05/08 21:59:06', '0', '0', 'GET /AUTO HTTP/1.1 Host: rtk.geodnet.com User-Agent: NTRIP TPA Client/0.0.0 Authorization: Basic bGFrZWNvdGVzdDpsYWtlY290ZXN0 Connection: close', '', '0', '0', '0', '0', '']
2025-05-09 02:36:42,959 - INFO - Skipping row: Empty Miner SN - Row Data: ['lakecotest', 'AUTO', '', '174.235.214.108', 'Failure', 'Account expired', '', '0', '0', '2025/05/08 21:59:01', '0', '0', 'GET /AUTO HTTP/1.1 Host: rtk.geodnet.com User-Agent: NTRIP TPA Client/0.0.0 Authorization: Basic bGFrZWNvdGVzdDpsYWtlY290ZXN0 Connection: close', '', '0', '0', '0', '0', '']
2025-05-09 02:36:43,186 - INFO - Skipping row: Empty Miner SN - Row Data: ['lakecotest', 'AUTO', '', '174.235.214.108', 'Failure', 'Account expired', '', '0', '0', '2025/05/08 21:58:56', '0', '0', 'GET /AUTO HTTP/1.1 Host: rtk.geodnet.com User-Agent: NTRIP TPA Client/0.0.0 Authorization: Basic bGFrZWNvdGVzdDpsYWtlY290ZXN0 Connection: close', '', '0', '0', '0', '0', '']
2025-05-09 02:36:43,391 - INFO - Skipping row: Empty Miner SN - Row Data: ['lakecotest', 'AUTO', '', '174.235.214.108', 'Failure', 'Account expired', '', '0', '0', '2025/05/08 21:58:51', '0', '0', 'GET /AUTO HTTP/1.1 Host: rtk.geodnet.com User-Agent: NTRIP TPA Client/0.0.0 Authorization: Basic bGFrZWNvdGVzdDpsYWtlY290ZXN0 Connection: close', '', '0', '0', '0', '0', '']
2025-05-09 02:36:43,642 - INFO - Skipping row: Empty Miner SN - Row Data: ['lakecotest', 'AUTO', '', '174.235.214.108', 'Failure', 'Account expired', '', '0', '0', '2025/05/08 21:58:46', '0', '0', 'GET /AUTO HTTP/1.1 Host: rtk.geodnet.com User-Agent: NTRIP TPA Client/0.0.0 Authorization: Basic bGFrZWNvdGVzdDpsYWtlY290ZXN0 Connection: close', '', '0', '0', '0', '0', '']
2025-05-09 02:36:45,766 - INFO - No modal detected.
2025-05-09 02:36:45,923 - INFO - Navigating to page 17...
2025-05-09 02:36:45,924 - INFO - Scraping page 17...
2025-05-09 02:36:45,939 - INFO - Log table found.
2025-05-09 02:36:45,957 - INFO - Found 21 rows on page 17.
2025-05-09 02:36:46,419 - INFO - Skipping row: Empty Miner SN - Row Data: ['lakecotest', 'AUTO', '', '174.235.214.108', 'Failure', 'Account expired', '', '0', '0', '2025/05/08 21:58:41', '0', '0', 'GET /AUTO HTTP/1.1 Host: rtk.geodnet.com User-Agent: NTRIP TPA Client/0.0.0 Authorization: Basic bGFrZWNvdGVzdDpsYWtlY290ZXN0 Connection: close', '', '0', '0', '0', '0', '']
2025-05-09 02:36:46,806 - INFO - Skipping row: Empty Miner SN - Row Data: ['lakecotest', 'AUTO', '', '174.235.214.108', 'Failure', 'Account expired', '', '0', '0', '2025/05/08 21:58:36', '0', '0', 'GET /AUTO HTTP/1.1 Host: rtk.geodnet.com User-Agent: NTRIP TPA Client/0.0.0 Authorization: Basic bGFrZWNvdGVzdDpsYWtlY290ZXN0 Connection: close', '', '0', '0', '0', '0', '']
2025-05-09 02:36:47,159 - INFO - Skipping row: Empty Miner SN - Row Data: ['lakecotest', 'AUTO', '', '174.235.214.108', 'Failure', 'Account expired', '', '0', '0', '2025/05/08 21:58:31', '0', '0', 'GET /AUTO HTTP/1.1 Host: rtk.geodnet.com User-Agent: NTRIP TPA Client/0.0.0 Authorization: Basic bGFrZWNvdGVzdDpsYWtlY290ZXN0 Connection: close', '', '0', '0', '0', '0', '']
2025-05-09 02:36:47,516 - INFO - Skipping row: Empty Miner SN - Row Data: ['lakecotest', 'AUTO', '', '174.235.214.108', 'Failure', 'Account expired', '', '0', '0', '2025/05/08 21:58:25', '0', '0', 'GET /AUTO HTTP/1.1 Host: rtk.geodnet.com User-Agent: NTRIP TPA Client/0.0.0 Authorization: Basic bGFrZWNvdGVzdDpsYWtlY290ZXN0 Connection: close', '', '0', '0', '0', '0', '']
2025-05-09 02:36:47,843 - INFO - Skipping row: Empty Miner SN - Row Data: ['lakecotest', 'AUTO', '', '174.235.214.108', 'Failure', 'Account expired', '', '0', '0', '2025/05/08 21:58:21', '0', '0', 'GET /AUTO HTTP/1.1 Host: rtk.geodnet.com User-Agent: NTRIP TPA Client/0.0.0 Authorization: Basic bGFrZWNvdGVzdDpsYWtlY290ZXN0 Connection: close', '', '0', '0', '0', '0', '']
2025-05-09 02:36:48,176 - INFO - Skipping row: Empty Miner SN - Row Data: ['lakecotest', 'AUTO', '', '174.235.214.108', 'Failure', 'Account expired', '', '0', '0', '2025/05/08 21:58:15', '0', '0', 'GET /AUTO HTTP/1.1 Host: rtk.geodnet.com User-Agent: NTRIP TPA Client/0.0.0 Authorization: Basic bGFrZWNvdGVzdDpsYWtlY290ZXN0 Connection: close', '', '0', '0', '0', '0', '']
2025-05-09 02:36:48,534 - INFO - Skipping row: Empty Miner SN - Row Data: ['lakecotest', 'AUTO', '', '174.235.214.108', 'Failure', 'Account expired', '', '0', '0', '2025/05/08 21:58:11', '0', '0', 'GET /AUTO HTTP/1.1 Host: rtk.geodnet.com User-Agent: NTRIP TPA Client/0.0.0 Authorization: Basic bGFrZWNvdGVzdDpsYWtlY290ZXN0 Connection: close', '', '0', '0', '0', '0', '']
2025-05-09 02:36:48,893 - INFO - Skipping row: Empty Miner SN - Row Data: ['lakecotest', 'AUTO', '', '174.235.214.108', 'Failure', 'Account expired', '', '0', '0', '2025/05/08 21:58:06', '0', '0', 'GET /AUTO HTTP/1.1 Host: rtk.geodnet.com User-Agent: NTRIP TPA Client/0.0.0 Authorization: Basic bGFrZWNvdGVzdDpsYWtlY290ZXN0 Connection: close', '', '0', '0', '0', '0', '']
2025-05-09 02:36:49,231 - INFO - Skipping row: Empty Miner SN - Row Data: ['lakecotest', 'AUTO', '', '174.235.214.108', 'Failure', 'Account expired', '', '0', '0', '2025/05/08 21:58:01', '0', '0', 'GET /AUTO HTTP/1.1 Host: rtk.geodnet.com User-Agent: NTRIP TPA Client/0.0.0 Authorization: Basic bGFrZWNvdGVzdDpsYWtlY290ZXN0 Connection: close', '', '0', '0', '0', '0', '']
2025-05-09 02:36:49,567 - INFO - Skipping row: Empty Miner SN - Row Data: ['lakecotest', 'AUTO', '', '174.235.214.108', 'Failure', 'Account expired', '', '0', '0', '2025/05/08 21:57:56', '0', '0', 'GET /AUTO HTTP/1.1 Host: rtk.geodnet.com User-Agent: NTRIP TPA Client/0.0.0 Authorization: Basic bGFrZWNvdGVzdDpsYWtlY290ZXN0 Connection: close', '', '0', '0', '0', '0', '']
2025-05-09 02:36:49,899 - INFO - Skipping row: Empty Miner SN - Row Data: ['lakecotest', 'AUTO', '', '174.235.214.108', 'Failure', 'Account expired', '', '0', '0', '2025/05/08 21:57:50', '0', '0', 'GET /AUTO HTTP/1.1 Host: rtk.geodnet.com User-Agent: NTRIP TPA Client/0.0.0 Authorization: Basic bGFrZWNvdGVzdDpsYWtlY290ZXN0 Connection: close', '', '0', '0', '0', '0', '']
2025-05-09 02:36:50,199 - INFO - Skipping row: Empty Miner SN - Row Data: ['lakecotest', 'AUTO', '', '174.235.214.108', 'Failure', 'Account expired', '', '0', '0', '2025/05/08 21:57:46', '0', '0', 'GET /AUTO HTTP/1.1 Host: rtk.geodnet.com User-Agent: NTRIP TPA Client/0.0.0 Authorization: Basic bGFrZWNvdGVzdDpsYWtlY290ZXN0 Connection: close', '', '0', '0', '0', '0', '']
2025-05-09 02:36:50,511 - INFO - Skipping row: Empty Miner SN - Row Data: ['lakecotest', 'AUTO', '', '174.235.214.108', 'Failure', 'Account expired', '', '0', '0', '2025/05/08 21:57:40', '0', '0', 'GET /AUTO HTTP/1.1 Host: rtk.geodnet.com User-Agent: NTRIP TPA Client/0.0.0 Authorization: Basic bGFrZWNvdGVzdDpsYWtlY290ZXN0 Connection: close', '', '0', '0', '0', '0', '']
2025-05-09 02:36:50,815 - INFO - Skipping row: Empty Miner SN - Row Data: ['lakecotest', 'AUTO', '', '174.235.214.108', 'Failure', 'Account expired', '', '0', '0', '2025/05/08 21:57:36', '0', '0', 'GET /AUTO HTTP/1.1 Host: rtk.geodnet.com User-Agent: NTRIP TPA Client/0.0.0 Authorization: Basic bGFrZWNvdGVzdDpsYWtlY290ZXN0 Connection: close', '', '0', '0', '0', '0', '']
2025-05-09 02:36:51,114 - INFO - Skipping row: Empty Miner SN - Row Data: ['lakecotest', 'AUTO', '', '174.235.214.108', 'Failure', 'Account expired', '', '0', '0', '2025/05/08 21:57:31', '0', '0', 'GET /AUTO HTTP/1.1 Host: rtk.geodnet.com User-Agent: NTRIP TPA Client/0.0.0 Authorization: Basic bGFrZWNvdGVzdDpsYWtlY290ZXN0 Connection: close', '', '0', '0', '0', '0', '']
2025-05-09 02:36:51,391 - INFO - Skipping row: Empty Miner SN - Row Data: ['lakecotest', 'AUTO', '', '174.235.214.108', 'Failure', 'Account expired', '', '0', '0', '2025/05/08 21:57:26', '0', '0', 'GET /AUTO HTTP/1.1 Host: rtk.geodnet.com User-Agent: NTRIP TPA Client/0.0.0 Authorization: Basic bGFrZWNvdGVzdDpsYWtlY290ZXN0 Connection: close', '', '0', '0', '0', '0', '']
2025-05-09 02:36:51,688 - INFO - Skipping row: Empty Miner SN - Row Data: ['lakecotest', 'AUTO', '', '174.235.214.108', 'Failure', 'Account expired', '', '0', '0', '2025/05/08 21:57:21', '0', '0', 'GET /AUTO HTTP/1.1 Host: rtk.geodnet.com User-Agent: NTRIP TPA Client/0.0.0 Authorization: Basic bGFrZWNvdGVzdDpsYWtlY290ZXN0 Connection: close', '', '0', '0', '0', '0', '']
2025-05-09 02:36:51,966 - INFO - Skipping row: Empty Miner SN - Row Data: ['lakecotest', 'AUTO', '', '174.235.214.108', 'Failure', 'Account expired', '', '0', '0', '2025/05/08 21:57:15', '0', '0', 'GET /AUTO HTTP/1.1 Host: rtk.geodnet.com User-Agent: NTRIP TPA Client/0.0.0 Authorization: Basic bGFrZWNvdGVzdDpsYWtlY290ZXN0 Connection: close', '', '0', '0', '0', '0', '']
2025-05-09 02:36:52,212 - INFO - Skipping row: Empty Miner SN - Row Data: ['lakecotest', 'AUTO', '', '174.235.214.108', 'Failure', 'Account expired', '', '0', '0', '2025/05/08 21:57:10', '0', '0', 'GET /AUTO HTTP/1.1 Host: rtk.geodnet.com User-Agent: NTRIP TPA Client/0.0.0 Authorization: Basic bGFrZWNvdGVzdDpsYWtlY290ZXN0 Connection: close', '', '0', '0', '0', '0', '']
2025-05-09 02:36:52,467 - INFO - Skipping row: Empty Miner SN - Row Data: ['lakecotest', 'AUTO', '', '174.235.214.108', 'Failure', 'Account expired', '', '0', '0', '2025/05/08 21:57:05', '0', '0', 'GET /AUTO HTTP/1.1 Host: rtk.geodnet.com User-Agent: NTRIP TPA Client/0.0.0 Authorization: Basic bGFrZWNvdGVzdDpsYWtlY290ZXN0 Connection: close', '', '0', '0', '0', '0', '']
2025-05-09 02:36:54,578 - INFO - No modal detected.
2025-05-09 02:36:54,696 - INFO - Navigating to page 18...
2025-05-09 02:36:54,697 - INFO - Scraping page 18...
2025-05-09 02:36:54,718 - INFO - Log table found.
2025-05-09 02:36:54,739 - INFO - Found 21 rows on page 18.
2025-05-09 02:36:55,128 - INFO - Skipping row: Empty Miner SN - Row Data: ['lakecotest', 'AUTO', '', '174.235.214.108', 'Failure', 'Account expired', '', '0', '0', '2025/05/08 21:57:00', '0', '0', 'GET /AUTO HTTP/1.1 Host: rtk.geodnet.com User-Agent: NTRIP TPA Client/0.0.0 Authorization: Basic bGFrZWNvdGVzdDpsYWtlY290ZXN0 Connection: close', '', '0', '0', '0', '0', '']
2025-05-09 02:36:55,461 - INFO - Skipping row: Empty Miner SN - Row Data: ['lakecotest', 'AUTO', '', '174.235.214.108', 'Failure', 'Account expired', '', '0', '0', '2025/05/08 21:56:55', '0', '0', 'GET /AUTO HTTP/1.1 Host: rtk.geodnet.com User-Agent: NTRIP TPA Client/0.0.0 Authorization: Basic bGFrZWNvdGVzdDpsYWtlY290ZXN0 Connection: close', '', '0', '0', '0', '0', '']
2025-05-09 02:36:55,966 - INFO - Skipping row: Empty Miner SN - Row Data: ['lakecotest', 'AUTO', '', '174.235.214.108', 'Failure', 'Account expired', '', '0', '0', '2025/05/08 21:56:50', '0', '0', 'GET /AUTO HTTP/1.1 Host: rtk.geodnet.com User-Agent: NTRIP TPA Client/0.0.0 Authorization: Basic bGFrZWNvdGVzdDpsYWtlY290ZXN0 Connection: close', '', '0', '0', '0', '0', '']
2025-05-09 02:36:56,312 - INFO - Skipping row: Empty Miner SN - Row Data: ['lakecotest', 'AUTO', '', '174.235.214.108', 'Failure', 'Account expired', '', '0', '0', '2025/05/08 21:56:46', '0', '0', 'GET /AUTO HTTP/1.1 Host: rtk.geodnet.com User-Agent: NTRIP TPA Client/0.0.0 Authorization: Basic bGFrZWNvdGVzdDpsYWtlY290ZXN0 Connection: close', '', '0', '0', '0', '0', '']
2025-05-09 02:36:56,679 - INFO - Skipping row: Empty Miner SN - Row Data: ['lakecotest', 'AUTO', '', '174.235.214.108', 'Failure', 'Account expired', '', '0', '0', '2025/05/08 21:56:40', '0', '0', 'GET /AUTO HTTP/1.1 Host: rtk.geodnet.com User-Agent: NTRIP TPA Client/0.0.0 Authorization: Basic bGFrZWNvdGVzdDpsYWtlY290ZXN0 Connection: close', '', '0', '0', '0', '0', '']
2025-05-09 02:36:57,038 - INFO - Skipping row: Empty Miner SN - Row Data: ['lakecotest', 'AUTO', '', '174.235.214.108', 'Failure', 'Account expired', '', '0', '0', '2025/05/08 21:56:36', '0', '0', 'GET /AUTO HTTP/1.1 Host: rtk.geodnet.com User-Agent: NTRIP TPA Client/0.0.0 Authorization: Basic bGFrZWNvdGVzdDpsYWtlY290ZXN0 Connection: close', '', '0', '0', '0', '0', '']
2025-05-09 02:36:57,272 - INFO - Skipping row: Empty Miner SN - Row Data: ['lakecotest', 'AUTO', '', '174.235.214.108', 'Failure', 'Account expired', '', '0', '0', '2025/05/08 21:56:30', '0', '0', 'GET /AUTO HTTP/1.1 Host: rtk.geodnet.com User-Agent: NTRIP TPA Client/0.0.0 Authorization: Basic bGFrZWNvdGVzdDpsYWtlY290ZXN0 Connection: close', '', '0', '0', '0', '0', '']
2025-05-09 02:36:57,520 - INFO - Skipping row: Empty Miner SN - Row Data: ['lakecotest', 'AUTO', '', '174.235.214.108', 'Failure', 'Account expired', '', '0', '0', '2025/05/08 21:56:25', '0', '0', 'GET /AUTO HTTP/1.1 Host: rtk.geodnet.com User-Agent: NTRIP TPA Client/0.0.0 Authorization: Basic bGFrZWNvdGVzdDpsYWtlY290ZXN0 Connection: close', '', '0', '0', '0', '0', '']
2025-05-09 02:36:57,834 - INFO - Skipping row: Empty Miner SN - Row Data: ['lakecotest', 'AUTO', '', '174.235.214.108', 'Failure', 'Account expired', '', '0', '0', '2025/05/08 21:56:20', '0', '0', 'GET /AUTO HTTP/1.1 Host: rtk.geodnet.com User-Agent: NTRIP TPA Client/0.0.0 Authorization: Basic bGFrZWNvdGVzdDpsYWtlY290ZXN0 Connection: close', '', '0', '0', '0', '0', '']
2025-05-09 02:36:58,098 - INFO - Skipping row: Empty Miner SN - Row Data: ['lakecotest', 'AUTO', '', '174.235.214.108', 'Failure', 'Account expired', '', '0', '0', '2025/05/08 21:56:15', '0', '0', 'GET /AUTO HTTP/1.1 Host: rtk.geodnet.com User-Agent: NTRIP TPA Client/0.0.0 Authorization: Basic bGFrZWNvdGVzdDpsYWtlY290ZXN0 Connection: close', '', '0', '0', '0', '0', '']
2025-05-09 02:36:58,348 - INFO - Skipping row: Empty Miner SN - Row Data: ['lakecotest', 'AUTO', '', '174.235.214.108', 'Failure', 'Account expired', '', '0', '0', '2025/05/08 21:56:10', '0', '0', 'GET /AUTO HTTP/1.1 Host: rtk.geodnet.com User-Agent: NTRIP TPA Client/0.0.0 Authorization: Basic bGFrZWNvdGVzdDpsYWtlY290ZXN0 Connection: close', '', '0', '0', '0', '0', '']
2025-05-09 02:36:58,588 - INFO - Skipping row: Empty Miner SN - Row Data: ['lakecotest', 'AUTO', '', '174.235.214.108', 'Failure', 'Account expired', '', '0', '0', '2025/05/08 21:56:05', '0', '0', 'GET /AUTO HTTP/1.1 Host: rtk.geodnet.com User-Agent: NTRIP TPA Client/0.0.0 Authorization: Basic bGFrZWNvdGVzdDpsYWtlY290ZXN0 Connection: close', '', '0', '0', '0', '0', '']
2025-05-09 02:36:58,865 - INFO - Skipping row: Empty Miner SN - Row Data: ['lakecotest', 'AUTO', '', '174.235.214.108', 'Failure', 'Account expired', '', '0', '0', '2025/05/08 21:56:00', '0', '0', 'GET /AUTO HTTP/1.1 Host: rtk.geodnet.com User-Agent: NTRIP TPA Client/0.0.0 Authorization: Basic bGFrZWNvdGVzdDpsYWtlY290ZXN0 Connection: close', '', '0', '0', '0', '0', '']
2025-05-09 02:36:59,139 - INFO - Skipping row: Empty Miner SN - Row Data: ['lakecotest', 'AUTO', '', '174.235.214.108', 'Failure', 'Account expired', '', '0', '0', '2025/05/08 21:55:56', '0', '0', 'GET /AUTO HTTP/1.1 Host: rtk.geodnet.com User-Agent: NTRIP TPA Client/0.0.0 Authorization: Basic bGFrZWNvdGVzdDpsYWtlY290ZXN0 Connection: close', '', '0', '0', '0', '0', '']
2025-05-09 02:36:59,430 - INFO - Skipping row: Empty Miner SN - Row Data: ['lakecotest', 'AUTO', '', '174.235.214.108', 'Failure', 'Account expired', '', '0', '0', '2025/05/08 21:55:50', '0', '0', 'GET /AUTO HTTP/1.1 Host: rtk.geodnet.com User-Agent: NTRIP TPA Client/0.0.0 Authorization: Basic bGFrZWNvdGVzdDpsYWtlY290ZXN0 Connection: close', '', '0', '0', '0', '0', '']
2025-05-09 02:36:59,702 - INFO - Skipping row: Empty Miner SN - Row Data: ['lakecotest', 'AUTO', '', '174.235.214.108', 'Failure', 'Account expired', '', '0', '0', '2025/05/08 21:55:45', '0', '0', 'GET /AUTO HTTP/1.1 Host: rtk.geodnet.com User-Agent: NTRIP TPA Client/0.0.0 Authorization: Basic bGFrZWNvdGVzdDpsYWtlY290ZXN0 Connection: close', '', '0', '0', '0', '0', '']
2025-05-09 02:36:59,953 - INFO - Skipping row: Empty Miner SN - Row Data: ['lakecotest', 'AUTO', '', '174.235.214.108', 'Failure', 'Account expired', '', '0', '0', '2025/05/08 21:55:40', '0', '0', 'GET /AUTO HTTP/1.1 Host: rtk.geodnet.com User-Agent: NTRIP TPA Client/0.0.0 Authorization: Basic bGFrZWNvdGVzdDpsYWtlY290ZXN0 Connection: close', '', '0', '0', '0', '0', '']
2025-05-09 02:37:00,245 - INFO - Skipping row: Empty Miner SN - Row Data: ['lakecotest', 'AUTO', '', '174.235.214.108', 'Failure', 'Account expired', '', '0', '0', '2025/05/08 21:55:35', '0', '0', 'GET /AUTO HTTP/1.1 Host: rtk.geodnet.com User-Agent: NTRIP TPA Client/0.0.0 Authorization: Basic bGFrZWNvdGVzdDpsYWtlY290ZXN0 Connection: close', '', '0', '0', '0', '0', '']
2025-05-09 02:37:00,536 - INFO - Skipping row: Empty Miner SN - Row Data: ['lakecotest', 'AUTO', '', '174.235.214.108', 'Failure', 'Account expired', '', '0', '0', '2025/05/08 21:55:30', '0', '0', 'GET /AUTO HTTP/1.1 Host: rtk.geodnet.com User-Agent: NTRIP TPA Client/0.0.0 Authorization: Basic bGFrZWNvdGVzdDpsYWtlY290ZXN0 Connection: close', '', '0', '0', '0', '0', '']
2025-05-09 02:37:00,803 - INFO - Skipping row: Empty Miner SN - Row Data: ['lakecotest', 'AUTO', '', '174.235.214.108', 'Failure', 'Account expired', '', '0', '0', '2025/05/08 21:55:25', '0', '0', 'GET /AUTO HTTP/1.1 Host: rtk.geodnet.com User-Agent: NTRIP TPA Client/0.0.0 Authorization: Basic bGFrZWNvdGVzdDpsYWtlY290ZXN0 Connection: close', '', '0', '0', '0', '0', '']
2025-05-09 02:37:02,918 - INFO - No modal detected.
2025-05-09 02:37:02,999 - INFO - Navigating to page 19...
2025-05-09 02:37:02,999 - INFO - Scraping page 19...
2025-05-09 02:37:03,012 - INFO - Log table found.
2025-05-09 02:37:03,024 - INFO - Found 21 rows on page 19.
2025-05-09 02:37:03,310 - INFO - Skipping row: Empty Miner SN - Row Data: ['lakecotest', 'AUTO', '', '174.235.214.108', 'Failure', 'Account expired', '', '0', '0', '2025/05/08 21:55:20', '0', '0', 'GET /AUTO HTTP/1.1 Host: rtk.geodnet.com User-Agent: NTRIP TPA Client/0.0.0 Authorization: Basic bGFrZWNvdGVzdDpsYWtlY290ZXN0 Connection: close', '', '0', '0', '0', '0', '']
2025-05-09 02:37:03,552 - INFO - Skipping row: Empty Miner SN - Row Data: ['lakecotest', 'AUTO', '', '174.235.214.108', 'Failure', 'Account expired', '', '0', '0', '2025/05/08 21:55:15', '0', '0', 'GET /AUTO HTTP/1.1 Host: rtk.geodnet.com User-Agent: NTRIP TPA Client/0.0.0 Authorization: Basic bGFrZWNvdGVzdDpsYWtlY290ZXN0 Connection: close', '', '0', '0', '0', '0', '']
2025-05-09 02:37:03,758 - INFO - Skipping row: Empty Miner SN - Row Data: ['lakecotest', 'AUTO', '', '174.235.214.108', 'Failure', 'Account expired', '', '0', '0', '2025/05/08 21:55:10', '0', '0', 'GET /AUTO HTTP/1.1 Host: rtk.geodnet.com User-Agent: NTRIP TPA Client/0.0.0 Authorization: Basic bGFrZWNvdGVzdDpsYWtlY290ZXN0 Connection: close', '', '0', '0', '0', '0', '']
2025-05-09 02:37:03,998 - INFO - Skipping row: Empty Miner SN - Row Data: ['lakecotest', 'AUTO', '', '174.235.214.108', 'Failure', 'Account expired', '', '0', '0', '2025/05/08 21:55:05', '0', '0', 'GET /AUTO HTTP/1.1 Host: rtk.geodnet.com User-Agent: NTRIP TPA Client/0.0.0 Authorization: Basic bGFrZWNvdGVzdDpsYWtlY290ZXN0 Connection: close', '', '0', '0', '0', '0', '']
2025-05-09 02:37:04,209 - INFO - Skipping row: Empty Miner SN - Row Data: ['lakecotest', 'AUTO', '', '174.235.214.108', 'Failure', 'Account expired', '', '0', '0', '2025/05/08 21:55:00', '0', '0', 'GET /AUTO HTTP/1.1 Host: rtk.geodnet.com User-Agent: NTRIP TPA Client/0.0.0 Authorization: Basic bGFrZWNvdGVzdDpsYWtlY290ZXN0 Connection: close', '', '0', '0', '0', '0', '']
2025-05-09 02:37:04,411 - INFO - Skipping row: Empty Miner SN - Row Data: ['lakecotest', 'AUTO', '', '174.235.214.108', 'Failure', 'Account expired', '', '0', '0', '2025/05/08 21:54:55', '0', '0', 'GET /AUTO HTTP/1.1 Host: rtk.geodnet.com User-Agent: NTRIP TPA Client/0.0.0 Authorization: Basic bGFrZWNvdGVzdDpsYWtlY290ZXN0 Connection: close', '', '0', '0', '0', '0', '']
2025-05-09 02:37:04,615 - INFO - Skipping row: Empty Miner SN - Row Data: ['lakecotest', 'AUTO', '', '174.235.214.108', 'Failure', 'Account expired', '', '0', '0', '2025/05/08 21:54:50', '0', '0', 'GET /AUTO HTTP/1.1 Host: rtk.geodnet.com User-Agent: NTRIP TPA Client/0.0.0 Authorization: Basic bGFrZWNvdGVzdDpsYWtlY290ZXN0 Connection: close', '', '0', '0', '0', '0', '']
2025-05-09 02:37:04,825 - INFO - Skipping row: Empty Miner SN - Row Data: ['lakecotest', 'AUTO', '', '174.235.214.108', 'Failure', 'Account expired', '', '0', '0', '2025/05/08 21:54:45', '0', '0', 'GET /AUTO HTTP/1.1 Host: rtk.geodnet.com User-Agent: NTRIP TPA Client/0.0.0 Authorization: Basic bGFrZWNvdGVzdDpsYWtlY290ZXN0 Connection: close', '', '0', '0', '0', '0', '']
2025-05-09 02:37:05,030 - INFO - Skipping row: Empty Miner SN - Row Data: ['lakecotest', 'AUTO', '', '174.235.214.108', 'Failure', 'Account expired', '', '0', '0', '2025/05/08 21:54:40', '0', '0', 'GET /AUTO HTTP/1.1 Host: rtk.geodnet.com User-Agent: NTRIP TPA Client/0.0.0 Authorization: Basic bGFrZWNvdGVzdDpsYWtlY290ZXN0 Connection: close', '', '0', '0', '0', '0', '']
2025-05-09 02:37:05,237 - INFO - Skipping row: Empty Miner SN - Row Data: ['lakecotest', 'AUTO', '', '174.235.214.108', 'Failure', 'Account expired', '', '0', '0', '2025/05/08 21:54:35', '0', '0', 'GET /AUTO HTTP/1.1 Host: rtk.geodnet.com User-Agent: NTRIP TPA Client/0.0.0 Authorization: Basic bGFrZWNvdGVzdDpsYWtlY290ZXN0 Connection: close', '', '0', '0', '0', '0', '']
2025-05-09 02:37:05,442 - INFO - Skipping row: Empty Miner SN - Row Data: ['lakecotest', 'AUTO', '', '174.235.214.108', 'Failure', 'Account expired', '', '0', '0', '2025/05/08 21:54:30', '0', '0', 'GET /AUTO HTTP/1.1 Host: rtk.geodnet.com User-Agent: NTRIP TPA Client/0.0.0 Authorization: Basic bGFrZWNvdGVzdDpsYWtlY290ZXN0 Connection: close', '', '0', '0', '0', '0', '']
2025-05-09 02:37:05,675 - INFO - Skipping row: Empty Miner SN - Row Data: ['lakecotest', 'AUTO', '', '174.235.214.108', 'Failure', 'Account expired', '', '0', '0', '2025/05/08 21:54:25', '0', '0', 'GET /AUTO HTTP/1.1 Host: rtk.geodnet.com User-Agent: NTRIP TPA Client/0.0.0 Authorization: Basic bGFrZWNvdGVzdDpsYWtlY290ZXN0 Connection: close', '', '0', '0', '0', '0', '']
2025-05-09 02:37:05,938 - INFO - Skipping row: Empty Miner SN - Row Data: ['lakecotest', 'AUTO', '', '174.235.214.108', 'Failure', 'Account expired', '', '0', '0', '2025/05/08 21:54:20', '0', '0', 'GET /AUTO HTTP/1.1 Host: rtk.geodnet.com User-Agent: NTRIP TPA Client/0.0.0 Authorization: Basic bGFrZWNvdGVzdDpsYWtlY290ZXN0 Connection: close', '', '0', '0', '0', '0', '']
2025-05-09 02:37:06,175 - INFO - Skipping row: Empty Miner SN - Row Data: ['lakecotest', 'AUTO', '', '174.235.214.108', 'Failure', 'Account expired', '', '0', '0', '2025/05/08 21:54:15', '0', '0', 'GET /AUTO HTTP/1.1 Host: rtk.geodnet.com User-Agent: NTRIP TPA Client/0.0.0 Authorization: Basic bGFrZWNvdGVzdDpsYWtlY290ZXN0 Connection: close', '', '0', '0', '0', '0', '']
2025-05-09 02:37:06,418 - INFO - Skipping row: Empty Miner SN - Row Data: ['lakecotest', 'AUTO', '', '174.235.214.108', 'Failure', 'Account expired', '', '0', '0', '2025/05/08 21:54:10', '0', '0', 'GET /AUTO HTTP/1.1 Host: rtk.geodnet.com User-Agent: NTRIP TPA Client/0.0.0 Authorization: Basic bGFrZWNvdGVzdDpsYWtlY290ZXN0 Connection: close', '', '0', '0', '0', '0', '']
2025-05-09 02:37:06,668 - INFO - Skipping row: Empty Miner SN - Row Data: ['lakecotest', 'AUTO', '', '174.235.214.108', 'Failure', 'Account expired', '', '0', '0', '2025/05/08 21:54:05', '0', '0', 'GET /AUTO HTTP/1.1 Host: rtk.geodnet.com User-Agent: NTRIP TPA Client/0.0.0 Authorization: Basic bGFrZWNvdGVzdDpsYWtlY290ZXN0 Connection: close', '', '0', '0', '0', '0', '']
2025-05-09 02:37:06,964 - INFO - Skipping row: Empty Miner SN - Row Data: ['lakecotest', 'AUTO', '', '174.235.214.108', 'Failure', 'Account expired', '', '0', '0', '2025/05/08 21:54:00', '0', '0', 'GET /AUTO HTTP/1.1 Host: rtk.geodnet.com User-Agent: NTRIP TPA Client/0.0.0 Authorization: Basic bGFrZWNvdGVzdDpsYWtlY290ZXN0 Connection: close', '', '0', '0', '0', '0', '']
2025-05-09 02:37:07,240 - INFO - Skipping row: Empty Miner SN - Row Data: ['lakecotest', 'AUTO', '', '174.235.214.108', 'Failure', 'Account expired', '', '0', '0', '2025/05/08 21:53:55', '0', '0', 'GET /AUTO HTTP/1.1 Host: rtk.geodnet.com User-Agent: NTRIP TPA Client/0.0.0 Authorization: Basic bGFrZWNvdGVzdDpsYWtlY290ZXN0 Connection: close', '', '0', '0', '0', '0', '']
2025-05-09 02:37:07,498 - INFO - Skipping row: Empty Miner SN - Row Data: ['lakecotest', 'AUTO', '', '174.235.214.108', 'Failure', 'Account expired', '', '0', '0', '2025/05/08 21:53:50', '0', '0', 'GET /AUTO HTTP/1.1 Host: rtk.geodnet.com User-Agent: NTRIP TPA Client/0.0.0 Authorization: Basic bGFrZWNvdGVzdDpsYWtlY290ZXN0 Connection: close', '', '0', '0', '0', '0', '']
2025-05-09 02:37:07,794 - INFO - Skipping row: Empty Miner SN - Row Data: ['lakecotest', 'AUTO', '', '174.235.214.108', 'Failure', 'Account expired', '', '0', '0', '2025/05/08 21:53:45', '0', '0', 'GET /AUTO HTTP/1.1 Host: rtk.geodnet.com User-Agent: NTRIP TPA Client/0.0.0 Authorization: Basic bGFrZWNvdGVzdDpsYWtlY290ZXN0 Connection: close', '', '0', '0', '0', '0', '']
2025-05-09 02:37:09,917 - INFO - No modal detected.
2025-05-09 02:37:10,080 - INFO - Navigating to page 20...
2025-05-09 02:37:10,080 - INFO - Scraping page 20...
2025-05-09 02:37:10,100 - INFO - Log table found.
2025-05-09 02:37:10,120 - INFO - Found 21 rows on page 20.
2025-05-09 02:37:10,491 - INFO - Skipping row: Empty Miner SN - Row Data: ['lakecotest', 'AUTO', '', '174.235.214.108', 'Failure', 'Account expired', '', '0', '0', '2025/05/08 21:53:40', '0', '0', 'GET /AUTO HTTP/1.1 Host: rtk.geodnet.com User-Agent: NTRIP TPA Client/0.0.0 Authorization: Basic bGFrZWNvdGVzdDpsYWtlY290ZXN0 Connection: close', '', '0', '0', '0', '0', '']
2025-05-09 02:37:10,902 - INFO - Skipping row: Empty Miner SN - Row Data: ['lakecotest', 'AUTO', '', '174.235.214.108', 'Failure', 'Account expired', '', '0', '0', '2025/05/08 21:53:35', '0', '0', 'GET /AUTO HTTP/1.1 Host: rtk.geodnet.com User-Agent: NTRIP TPA Client/0.0.0 Authorization: Basic bGFrZWNvdGVzdDpsYWtlY290ZXN0 Connection: close', '', '0', '0', '0', '0', '']
2025-05-09 02:37:11,273 - INFO - Skipping row: Empty Miner SN - Row Data: ['lakecotest', 'AUTO', '', '174.235.214.108', 'Failure', 'Account expired', '', '0', '0', '2025/05/08 21:53:30', '0', '0', 'GET /AUTO HTTP/1.1 Host: rtk.geodnet.com User-Agent: NTRIP TPA Client/0.0.0 Authorization: Basic bGFrZWNvdGVzdDpsYWtlY290ZXN0 Connection: close', '', '0', '0', '0', '0', '']
2025-05-09 02:37:11,573 - INFO - Skipping row: Empty Miner SN - Row Data: ['lakecotest', 'AUTO', '', '174.235.214.108', 'Failure', 'Account expired', '', '0', '0', '2025/05/08 21:53:25', '0', '0', 'GET /AUTO HTTP/1.1 Host: rtk.geodnet.com User-Agent: NTRIP TPA Client/0.0.0 Authorization: Basic bGFrZWNvdGVzdDpsYWtlY290ZXN0 Connection: close', '', '0', '0', '0', '0', '']
2025-05-09 02:37:11,865 - INFO - Skipping row: Empty Miner SN - Row Data: ['lakecotest', 'AUTO', '', '174.235.214.108', 'Failure', 'Account expired', '', '0', '0', '2025/05/08 21:53:20', '0', '0', 'GET /AUTO HTTP/1.1 Host: rtk.geodnet.com User-Agent: NTRIP TPA Client/0.0.0 Authorization: Basic bGFrZWNvdGVzdDpsYWtlY290ZXN0 Connection: close', '', '0', '0', '0', '0', '']
2025-05-09 02:37:12,171 - INFO - Skipping row: Empty Miner SN - Row Data: ['lakecotest', 'AUTO', '', '174.235.214.108', 'Failure', 'Account expired', '', '0', '0', '2025/05/08 21:53:15', '0', '0', 'GET /AUTO HTTP/1.1 Host: rtk.geodnet.com User-Agent: NTRIP TPA Client/0.0.0 Authorization: Basic bGFrZWNvdGVzdDpsYWtlY290ZXN0 Connection: close', '', '0', '0', '0', '0', '']
2025-05-09 02:37:12,458 - INFO - Skipping row: Empty Miner SN - Row Data: ['lakecotest', 'AUTO', '', '174.235.214.108', 'Failure', 'Account expired', '', '0', '0', '2025/05/08 21:53:10', '0', '0', 'GET /AUTO HTTP/1.1 Host: rtk.geodnet.com User-Agent: NTRIP TPA Client/0.0.0 Authorization: Basic bGFrZWNvdGVzdDpsYWtlY290ZXN0 Connection: close', '', '0', '0', '0', '0', '']
2025-05-09 02:37:12,751 - INFO - Skipping row: Empty Miner SN - Row Data: ['lakecotest', 'AUTO', '', '174.235.214.108', 'Failure', 'Account expired', '', '0', '0', '2025/05/08 21:53:05', '0', '0', 'GET /AUTO HTTP/1.1 Host: rtk.geodnet.com User-Agent: NTRIP TPA Client/0.0.0 Authorization: Basic bGFrZWNvdGVzdDpsYWtlY290ZXN0 Connection: close', '', '0', '0', '0', '0', '']
2025-05-09 02:37:13,049 - INFO - Skipping row: Empty Miner SN - Row Data: ['lakecotest', 'AUTO', '', '174.235.214.108', 'Failure', 'Account expired', '', '0', '0', '2025/05/08 21:53:00', '0', '0', 'GET /AUTO HTTP/1.1 Host: rtk.geodnet.com User-Agent: NTRIP TPA Client/0.0.0 Authorization: Basic bGFrZWNvdGVzdDpsYWtlY290ZXN0 Connection: close', '', '0', '0', '0', '0', '']
2025-05-09 02:37:13,322 - INFO - Skipping row: Empty Miner SN - Row Data: ['lakecotest', 'AUTO', '', '174.235.214.108', 'Failure', 'Account expired', '', '0', '0', '2025/05/08 21:52:55', '0', '0', 'GET /AUTO HTTP/1.1 Host: rtk.geodnet.com User-Agent: NTRIP TPA Client/0.0.0 Authorization: Basic bGFrZWNvdGVzdDpsYWtlY290ZXN0 Connection: close', '', '0', '0', '0', '0', '']
2025-05-09 02:37:13,579 - INFO - Skipping row: Empty Miner SN - Row Data: ['lakecotest', 'AUTO', '', '174.235.214.108', 'Failure', 'Account expired', '', '0', '0', '2025/05/08 21:52:50', '0', '0', 'GET /AUTO HTTP/1.1 Host: rtk.geodnet.com User-Agent: NTRIP TPA Client/0.0.0 Authorization: Basic bGFrZWNvdGVzdDpsYWtlY290ZXN0 Connection: close', '', '0', '0', '0', '0', '']
2025-05-09 02:37:13,833 - INFO - Skipping row: Empty Miner SN - Row Data: ['lakecotest', 'AUTO', '', '174.235.214.108', 'Failure', 'Account expired', '', '0', '0', '2025/05/08 21:52:45', '0', '0', 'GET /AUTO HTTP/1.1 Host: rtk.geodnet.com User-Agent: NTRIP TPA Client/0.0.0 Authorization: Basic bGFrZWNvdGVzdDpsYWtlY290ZXN0 Connection: close', '', '0', '0', '0', '0', '']
2025-05-09 02:37:14,066 - INFO - Skipping row: Empty Miner SN - Row Data: ['lakecotest', 'AUTO', '', '174.235.214.108', 'Failure', 'Account expired', '', '0', '0', '2025/05/08 21:52:40', '0', '0', 'GET /AUTO HTTP/1.1 Host: rtk.geodnet.com User-Agent: NTRIP TPA Client/0.0.0 Authorization: Basic bGFrZWNvdGVzdDpsYWtlY290ZXN0 Connection: close', '', '0', '0', '0', '0', '']
2025-05-09 02:37:14,306 - INFO - Skipping row: Empty Miner SN - Row Data: ['lakecotest', 'AUTO', '', '174.235.214.108', 'Failure', 'Account expired', '', '0', '0', '2025/05/08 21:52:35', '0', '0', 'GET /AUTO HTTP/1.1 Host: rtk.geodnet.com User-Agent: NTRIP TPA Client/0.0.0 Authorization: Basic bGFrZWNvdGVzdDpsYWtlY290ZXN0 Connection: close', '', '0', '0', '0', '0', '']
2025-05-09 02:37:14,575 - INFO - Skipping row: Empty Miner SN - Row Data: ['lakecotest', 'AUTO', '', '174.235.214.108', 'Failure', 'Account expired', '', '0', '0', '2025/05/08 21:52:30', '0', '0', 'GET /AUTO HTTP/1.1 Host: rtk.geodnet.com User-Agent: NTRIP TPA Client/0.0.0 Authorization: Basic bGFrZWNvdGVzdDpsYWtlY290ZXN0 Connection: close', '', '0', '0', '0', '0', '']
2025-05-09 02:37:14,840 - INFO - Skipping row: Empty Miner SN - Row Data: ['lakecotest', 'AUTO', '', '174.235.214.108', 'Failure', 'Account expired', '', '0', '0', '2025/05/08 21:52:25', '0', '0', 'GET /AUTO HTTP/1.1 Host: rtk.geodnet.com User-Agent: NTRIP TPA Client/0.0.0 Authorization: Basic bGFrZWNvdGVzdDpsYWtlY290ZXN0 Connection: close', '', '0', '0', '0', '0', '']
2025-05-09 02:37:15,098 - INFO - Skipping row: Empty Miner SN - Row Data: ['lakecotest', 'AUTO', '', '174.235.214.108', 'Failure', 'Account expired', '', '0', '0', '2025/05/08 21:52:20', '0', '0', 'GET /AUTO HTTP/1.1 Host: rtk.geodnet.com User-Agent: NTRIP TPA Client/0.0.0 Authorization: Basic bGFrZWNvdGVzdDpsYWtlY290ZXN0 Connection: close', '', '0', '0', '0', '0', '']
2025-05-09 02:37:15,331 - INFO - Skipping row: Empty Miner SN - Row Data: ['lakecotest', 'AUTO', '', '174.235.214.108', 'Failure', 'Account expired', '', '0', '0', '2025/05/08 21:52:15', '0', '0', 'GET /AUTO HTTP/1.1 Host: rtk.geodnet.com User-Agent: NTRIP TPA Client/0.0.0 Authorization: Basic bGFrZWNvdGVzdDpsYWtlY290ZXN0 Connection: close', '', '0', '0', '0', '0', '']
2025-05-09 02:37:15,549 - INFO - Skipping row: Empty Miner SN - Row Data: ['lakecotest', 'AUTO', '', '174.235.214.108', 'Failure', 'Account expired', '', '0', '0', '2025/05/08 21:52:10', '0', '0', 'GET /AUTO HTTP/1.1 Host: rtk.geodnet.com User-Agent: NTRIP TPA Client/0.0.0 Authorization: Basic bGFrZWNvdGVzdDpsYWtlY290ZXN0 Connection: close', '', '0', '0', '0', '0', '']
2025-05-09 02:37:15,823 - INFO - Skipping row: Empty Miner SN - Row Data: ['lakecotest', 'AUTO', '', '174.235.214.108', 'Failure', 'Account expired', '', '0', '0', '2025/05/08 21:52:05', '0', '0', 'GET /AUTO HTTP/1.1 Host: rtk.geodnet.com User-Agent: NTRIP TPA Client/0.0.0 Authorization: Basic bGFrZWNvdGVzdDpsYWtlY290ZXN0 Connection: close', '', '0', '0', '0', '0', '']
2025-05-09 02:37:17,935 - INFO - No modal detected.
2025-05-09 02:37:18,047 - INFO - Navigating to page 21...
2025-05-09 02:37:18,048 - INFO - Scraping page 21...
2025-05-09 02:37:18,069 - INFO - Log table found.
2025-05-09 02:37:18,085 - INFO - Found 21 rows on page 21.
2025-05-09 02:37:18,495 - INFO - Skipping row: Empty Miner SN - Row Data: ['lakecotest', 'AUTO', '', '174.235.214.108', 'Failure', 'Account expired', '', '0', '0', '2025/05/08 21:52:00', '0', '0', 'GET /AUTO HTTP/1.1 Host: rtk.geodnet.com User-Agent: NTRIP TPA Client/0.0.0 Authorization: Basic bGFrZWNvdGVzdDpsYWtlY290ZXN0 Connection: close', '', '0', '0', '0', '0', '']
2025-05-09 02:37:18,865 - INFO - Skipping row: Empty Miner SN - Row Data: ['lakecotest', 'AUTO', '', '174.235.214.108', 'Failure', 'Account expired', '', '0', '0', '2025/05/08 21:51:55', '0', '0', 'GET /AUTO HTTP/1.1 Host: rtk.geodnet.com User-Agent: NTRIP TPA Client/0.0.0 Authorization: Basic bGFrZWNvdGVzdDpsYWtlY290ZXN0 Connection: close', '', '0', '0', '0', '0', '']
2025-05-09 02:37:19,169 - INFO - Skipping row: Empty Miner SN - Row Data: ['lakecotest', 'AUTO', '', '174.235.214.108', 'Failure', 'Account expired', '', '0', '0', '2025/05/08 21:51:50', '0', '0', 'GET /AUTO HTTP/1.1 Host: rtk.geodnet.com User-Agent: NTRIP TPA Client/0.0.0 Authorization: Basic bGFrZWNvdGVzdDpsYWtlY290ZXN0 Connection: close', '', '0', '0', '0', '0', '']
2025-05-09 02:37:19,457 - INFO - Skipping row: Empty Miner SN - Row Data: ['lakecotest', 'AUTO', '', '174.235.214.108', 'Failure', 'Account expired', '', '0', '0', '2025/05/08 21:51:45', '0', '0', 'GET /AUTO HTTP/1.1 Host: rtk.geodnet.com User-Agent: NTRIP TPA Client/0.0.0 Authorization: Basic bGFrZWNvdGVzdDpsYWtlY290ZXN0 Connection: close', '', '0', '0', '0', '0', '']
2025-05-09 02:37:19,780 - INFO - Skipping row: Empty Miner SN - Row Data: ['lakecotest', 'AUTO', '', '174.235.214.108', 'Failure', 'Account expired', '', '0', '0', '2025/05/08 21:51:40', '0', '0', 'GET /AUTO HTTP/1.1 Host: rtk.geodnet.com User-Agent: NTRIP TPA Client/0.0.0 Authorization: Basic bGFrZWNvdGVzdDpsYWtlY290ZXN0 Connection: close', '', '0', '0', '0', '0', '']
2025-05-09 02:37:20,084 - INFO - Skipping row: Empty Miner SN - Row Data: ['lakecotest', 'AUTO', '', '174.235.214.108', 'Failure', 'Account expired', '', '0', '0', '2025/05/08 21:51:35', '0', '0', 'GET /AUTO HTTP/1.1 Host: rtk.geodnet.com User-Agent: NTRIP TPA Client/0.0.0 Authorization: Basic bGFrZWNvdGVzdDpsYWtlY290ZXN0 Connection: close', '', '0', '0', '0', '0', '']
2025-05-09 02:37:20,398 - INFO - Skipping row: Empty Miner SN - Row Data: ['lakecotest', 'AUTO', '', '174.235.214.108', 'Failure', 'Account expired', '', '0', '0', '2025/05/08 21:51:30', '0', '0', 'GET /AUTO HTTP/1.1 Host: rtk.geodnet.com User-Agent: NTRIP TPA Client/0.0.0 Authorization: Basic bGFrZWNvdGVzdDpsYWtlY290ZXN0 Connection: close', '', '0', '0', '0', '0', '']
2025-05-09 02:37:20,747 - INFO - Skipping row: Empty Miner SN - Row Data: ['lakecotest', 'AUTO', '', '174.235.214.108', 'Failure', 'Account expired', '', '0', '0', '2025/05/08 21:51:25', '0', '0', 'GET /AUTO HTTP/1.1 Host: rtk.geodnet.com User-Agent: NTRIP TPA Client/0.0.0 Authorization: Basic bGFrZWNvdGVzdDpsYWtlY290ZXN0 Connection: close', '', '0', '0', '0', '0', '']
2025-05-09 02:37:21,082 - INFO - Skipping row: Empty Miner SN - Row Data: ['lakecotest', 'AUTO', '', '174.235.214.108', 'Failure', 'Account expired', '', '0', '0', '2025/05/08 21:51:20', '0', '0', 'GET /AUTO HTTP/1.1 Host: rtk.geodnet.com User-Agent: NTRIP TPA Client/0.0.0 Authorization: Basic bGFrZWNvdGVzdDpsYWtlY290ZXN0 Connection: close', '', '0', '0', '0', '0', '']
2025-05-09 02:37:21,398 - INFO - Skipping row: Empty Miner SN - Row Data: ['lakecotest', 'AUTO', '', '174.235.214.108', 'Failure', 'Account expired', '', '0', '0', '2025/05/08 21:51:15', '0', '0', 'GET /AUTO HTTP/1.1 Host: rtk.geodnet.com User-Agent: NTRIP TPA Client/0.0.0 Authorization: Basic bGFrZWNvdGVzdDpsYWtlY290ZXN0 Connection: close', '', '0', '0', '0', '0', '']
2025-05-09 02:37:21,704 - INFO - Skipping row: Empty Miner SN - Row Data: ['lakecotest', 'AUTO', '', '174.235.214.108', 'Failure', 'Account expired', '', '0', '0', '2025/05/08 21:51:10', '0', '0', 'GET /AUTO HTTP/1.1 Host: rtk.geodnet.com User-Agent: NTRIP TPA Client/0.0.0 Authorization: Basic bGFrZWNvdGVzdDpsYWtlY290ZXN0 Connection: close', '', '0', '0', '0', '0', '']
2025-05-09 02:37:21,966 - INFO - Skipping row: Empty Miner SN - Row Data: ['lakecotest', 'AUTO', '', '174.235.214.108', 'Failure', 'Account expired', '', '0', '0', '2025/05/08 21:51:05', '0', '0', 'GET /AUTO HTTP/1.1 Host: rtk.geodnet.com User-Agent: NTRIP TPA Client/0.0.0 Authorization: Basic bGFrZWNvdGVzdDpsYWtlY290ZXN0 Connection: close', '', '0', '0', '0', '0', '']
2025-05-09 02:37:22,266 - INFO - Skipping row: Empty Miner SN - Row Data: ['lakecotest', 'AUTO', '', '174.235.214.108', 'Failure', 'Account expired', '', '0', '0', '2025/05/08 21:51:00', '0', '0', 'GET /AUTO HTTP/1.1 Host: rtk.geodnet.com User-Agent: NTRIP TPA Client/0.0.0 Authorization: Basic bGFrZWNvdGVzdDpsYWtlY290ZXN0 Connection: close', '', '0', '0', '0', '0', '']
2025-05-09 02:37:22,507 - INFO - Skipping row: Empty Miner SN - Row Data: ['lakecotest', 'AUTO', '', '174.235.214.108', 'Failure', 'Account expired', '', '0', '0', '2025/05/08 21:50:55', '0', '0', 'GET /AUTO HTTP/1.1 Host: rtk.geodnet.com User-Agent: NTRIP TPA Client/0.0.0 Authorization: Basic bGFrZWNvdGVzdDpsYWtlY290ZXN0 Connection: close', '', '0', '0', '0', '0', '']
2025-05-09 02:37:22,735 - INFO - Skipping row: Empty Miner SN - Row Data: ['lakecotest', 'AUTO', '', '174.235.214.108', 'Failure', 'Account expired', '', '0', '0', '2025/05/08 21:50:50', '0', '0', 'GET /AUTO HTTP/1.1 Host: rtk.geodnet.com User-Agent: NTRIP TPA Client/0.0.0 Authorization: Basic bGFrZWNvdGVzdDpsYWtlY290ZXN0 Connection: close', '', '0', '0', '0', '0', '']
2025-05-09 02:37:22,957 - INFO - Skipping row: Empty Miner SN - Row Data: ['lakecotest', 'AUTO', '', '174.235.214.108', 'Failure', 'Account expired', '', '0', '0', '2025/05/08 21:50:45', '0', '0', 'GET /AUTO HTTP/1.1 Host: rtk.geodnet.com User-Agent: NTRIP TPA Client/0.0.0 Authorization: Basic bGFrZWNvdGVzdDpsYWtlY290ZXN0 Connection: close', '', '0', '0', '0', '0', '']
2025-05-09 02:37:23,176 - INFO - Skipping row: Empty Miner SN - Row Data: ['lakecotest', 'AUTO', '', '174.235.214.108', 'Failure', 'Account expired', '', '0', '0', '2025/05/08 21:50:40', '0', '0', 'GET /AUTO HTTP/1.1 Host: rtk.geodnet.com User-Agent: NTRIP TPA Client/0.0.0 Authorization: Basic bGFrZWNvdGVzdDpsYWtlY290ZXN0 Connection: close', '', '0', '0', '0', '0', '']
2025-05-09 02:37:23,382 - INFO - Skipping row: Empty Miner SN - Row Data: ['lakecotest', 'AUTO', '', '174.235.214.108', 'Failure', 'Account expired', '', '0', '0', '2025/05/08 21:50:35', '0', '0', 'GET /AUTO HTTP/1.1 Host: rtk.geodnet.com User-Agent: NTRIP TPA Client/0.0.0 Authorization: Basic bGFrZWNvdGVzdDpsYWtlY290ZXN0 Connection: close', '', '0', '0', '0', '0', '']
2025-05-09 02:37:23,618 - INFO - Skipping row: Empty Miner SN - Row Data: ['lakecotest', 'AUTO', '', '174.235.214.108', 'Failure', 'Account expired', '', '0', '0', '2025/05/08 21:50:30', '0', '0', 'GET /AUTO HTTP/1.1 Host: rtk.geodnet.com User-Agent: NTRIP TPA Client/0.0.0 Authorization: Basic bGFrZWNvdGVzdDpsYWtlY290ZXN0 Connection: close', '', '0', '0', '0', '0', '']
2025-05-09 02:37:23,840 - INFO - Skipping row: Empty Miner SN - Row Data: ['lakecotest', 'AUTO', '', '174.235.214.108', 'Failure', 'Account expired', '', '0', '0', '2025/05/08 21:50:25', '0', '0', 'GET /AUTO HTTP/1.1 Host: rtk.geodnet.com User-Agent: NTRIP TPA Client/0.0.0 Authorization: Basic bGFrZWNvdGVzdDpsYWtlY290ZXN0 Connection: close', '', '0', '0', '0', '0', '']
2025-05-09 02:37:25,947 - INFO - No modal detected.
2025-05-09 02:37:26,051 - INFO - Navigating to page 22...
2025-05-09 02:37:26,051 - INFO - Scraping page 22...
2025-05-09 02:37:26,065 - INFO - Log table found.
2025-05-09 02:37:26,080 - INFO - Found 21 rows on page 22.
2025-05-09 02:37:26,520 - INFO - Skipping row: Empty Miner SN - Row Data: ['lakecotest', 'AUTO', '', '174.235.214.108', 'Failure', 'Account expired', '', '0', '0', '2025/05/08 21:50:20', '0', '0', 'GET /AUTO HTTP/1.1 Host: rtk.geodnet.com User-Agent: NTRIP TPA Client/0.0.0 Authorization: Basic bGFrZWNvdGVzdDpsYWtlY290ZXN0 Connection: close', '', '0', '0', '0', '0', '']
2025-05-09 02:37:26,815 - INFO - Skipping row: Empty Miner SN - Row Data: ['lakecotest', 'AUTO', '', '174.235.214.108', 'Failure', 'Account expired', '', '0', '0', '2025/05/08 21:50:15', '0', '0', 'GET /AUTO HTTP/1.1 Host: rtk.geodnet.com User-Agent: NTRIP TPA Client/0.0.0 Authorization: Basic bGFrZWNvdGVzdDpsYWtlY290ZXN0 Connection: close', '', '0', '0', '0', '0', '']
2025-05-09 02:37:27,798 - INFO - Skipping row: Empty Miner SN - Row Data: ['lakecotest', 'AUTO', '', '174.235.214.108', 'Failure', 'Account expired', '', '0', '0', '2025/05/08 21:50:10', '0', '0', 'GET /AUTO HTTP/1.1 Host: rtk.geodnet.com User-Agent: NTRIP TPA Client/0.0.0 Authorization: Basic bGFrZWNvdGVzdDpsYWtlY290ZXN0 Connection: close', '', '0', '0', '0', '0', '']
2025-05-09 02:37:28,094 - INFO - Skipping row: Empty Miner SN - Row Data: ['lakecotest', 'AUTO', '', '174.235.214.108', 'Failure', 'Account expired', '', '0', '0', '2025/05/08 21:50:05', '0', '0', 'GET /AUTO HTTP/1.1 Host: rtk.geodnet.com User-Agent: NTRIP TPA Client/0.0.0 Authorization: Basic bGFrZWNvdGVzdDpsYWtlY290ZXN0 Connection: close', '', '0', '0', '0', '0', '']
2025-05-09 02:37:28,379 - INFO - Skipping row: Empty Miner SN - Row Data: ['lakecotest', 'AUTO', '', '174.235.214.108', 'Failure', 'Account expired', '', '0', '0', '2025/05/08 21:50:00', '0', '0', 'GET /AUTO HTTP/1.1 Host: rtk.geodnet.com User-Agent: NTRIP TPA Client/0.0.0 Authorization: Basic bGFrZWNvdGVzdDpsYWtlY290ZXN0 Connection: close', '', '0', '0', '0', '0', '']
2025-05-09 02:37:28,711 - INFO - Skipping row: Empty Miner SN - Row Data: ['lakecotest', 'AUTO', '', '174.235.214.108', 'Failure', 'Account expired', '', '0', '0', '2025/05/08 21:49:55', '0', '0', 'GET /AUTO HTTP/1.1 Host: rtk.geodnet.com User-Agent: NTRIP TPA Client/0.0.0 Authorization: Basic bGFrZWNvdGVzdDpsYWtlY290ZXN0 Connection: close', '', '0', '0', '0', '0', '']
2025-05-09 02:37:29,004 - INFO - Skipping row: Empty Miner SN - Row Data: ['lakecotest', 'AUTO', '', '174.235.214.108', 'Failure', 'Account expired', '', '0', '0', '2025/05/08 21:49:50', '0', '0', 'GET /AUTO HTTP/1.1 Host: rtk.geodnet.com User-Agent: NTRIP TPA Client/0.0.0 Authorization: Basic bGFrZWNvdGVzdDpsYWtlY290ZXN0 Connection: close', '', '0', '0', '0', '0', '']
2025-05-09 02:37:29,249 - INFO - Skipping row: Empty Miner SN - Row Data: ['lakecotest', 'AUTO', '', '174.235.214.108', 'Failure', 'Account expired', '', '0', '0', '2025/05/08 21:49:45', '0', '0', 'GET /AUTO HTTP/1.1 Host: rtk.geodnet.com User-Agent: NTRIP TPA Client/0.0.0 Authorization: Basic bGFrZWNvdGVzdDpsYWtlY290ZXN0 Connection: close', '', '0', '0', '0', '0', '']
2025-05-09 02:37:29,498 - INFO - Skipping row: Empty Miner SN - Row Data: ['lakecotest', 'AUTO', '', '174.235.214.108', 'Failure', 'Account expired', '', '0', '0', '2025/05/08 21:49:40', '0', '0', 'GET /AUTO HTTP/1.1 Host: rtk.geodnet.com User-Agent: NTRIP TPA Client/0.0.0 Authorization: Basic bGFrZWNvdGVzdDpsYWtlY290ZXN0 Connection: close', '', '0', '0', '0', '0', '']
2025-05-09 02:37:29,743 - INFO - Skipping row: Empty Miner SN - Row Data: ['lakecotest', 'AUTO', '', '174.235.214.108', 'Failure', 'Account expired', '', '0', '0', '2025/05/08 21:49:35', '0', '0', 'GET /AUTO HTTP/1.1 Host: rtk.geodnet.com User-Agent: NTRIP TPA Client/0.0.0 Authorization: Basic bGFrZWNvdGVzdDpsYWtlY290ZXN0 Connection: close', '', '0', '0', '0', '0', '']
2025-05-09 02:37:29,973 - INFO - Skipping row: Empty Miner SN - Row Data: ['lakecotest', 'AUTO', '', '174.235.214.108', 'Failure', 'Account expired', '', '0', '0', '2025/05/08 21:49:30', '0', '0', 'GET /AUTO HTTP/1.1 Host: rtk.geodnet.com User-Agent: NTRIP TPA Client/0.0.0 Authorization: Basic bGFrZWNvdGVzdDpsYWtlY290ZXN0 Connection: close', '', '0', '0', '0', '0', '']
2025-05-09 02:37:30,182 - INFO - Skipping row: Empty Miner SN - Row Data: ['lakecotest', 'AUTO', '', '174.235.214.108', 'Failure', 'Account expired', '', '0', '0', '2025/05/08 21:49:25', '0', '0', 'GET /AUTO HTTP/1.1 Host: rtk.geodnet.com User-Agent: NTRIP TPA Client/0.0.0 Authorization: Basic bGFrZWNvdGVzdDpsYWtlY290ZXN0 Connection: close', '', '0', '0', '0', '0', '']
2025-05-09 02:37:30,395 - INFO - Skipping row: Empty Miner SN - Row Data: ['lakecotest', 'AUTO', '', '174.235.214.108', 'Failure', 'Account expired', '', '0', '0', '2025/05/08 21:49:20', '0', '0', 'GET /AUTO HTTP/1.1 Host: rtk.geodnet.com User-Agent: NTRIP TPA Client/0.0.0 Authorization: Basic bGFrZWNvdGVzdDpsYWtlY290ZXN0 Connection: close', '', '0', '0', '0', '0', '']
2025-05-09 02:37:30,612 - INFO - Skipping row: Empty Miner SN - Row Data: ['lakecotest', 'AUTO', '', '174.235.214.108', 'Failure', 'Account expired', '', '0', '0', '2025/05/08 21:49:15', '0', '0', 'GET /AUTO HTTP/1.1 Host: rtk.geodnet.com User-Agent: NTRIP TPA Client/0.0.0 Authorization: Basic bGFrZWNvdGVzdDpsYWtlY290ZXN0 Connection: close', '', '0', '0', '0', '0', '']
2025-05-09 02:37:30,849 - INFO - Skipping row: Empty Miner SN - Row Data: ['lakecotest', 'AUTO', '', '174.235.214.108', 'Failure', 'Account expired', '', '0', '0', '2025/05/08 21:49:10', '0', '0', 'GET /AUTO HTTP/1.1 Host: rtk.geodnet.com User-Agent: NTRIP TPA Client/0.0.0 Authorization: Basic bGFrZWNvdGVzdDpsYWtlY290ZXN0 Connection: close', '', '0', '0', '0', '0', '']
2025-05-09 02:37:31,116 - INFO - Skipping row: Empty Miner SN - Row Data: ['lakecotest', 'AUTO', '', '174.235.214.108', 'Failure', 'Account expired', '', '0', '0', '2025/05/08 21:49:05', '0', '0', 'GET /AUTO HTTP/1.1 Host: rtk.geodnet.com User-Agent: NTRIP TPA Client/0.0.0 Authorization: Basic bGFrZWNvdGVzdDpsYWtlY290ZXN0 Connection: close', '', '0', '0', '0', '0', '']
2025-05-09 02:37:31,352 - INFO - Skipping row: Empty Miner SN - Row Data: ['lakecotest', 'AUTO', '', '174.235.214.108', 'Failure', 'Account expired', '', '0', '0', '2025/05/08 21:48:59', '0', '0', 'GET /AUTO HTTP/1.1 Host: rtk.geodnet.com User-Agent: NTRIP TPA Client/0.0.0 Authorization: Basic bGFrZWNvdGVzdDpsYWtlY290ZXN0 Connection: close', '', '0', '0', '0', '0', '']
2025-05-09 02:37:31,557 - INFO - Skipping row: Empty Miner SN - Row Data: ['lakecotest', 'AUTO', '', '174.235.214.108', 'Failure', 'Account expired', '', '0', '0', '2025/05/08 21:48:55', '0', '0', 'GET /AUTO HTTP/1.1 Host: rtk.geodnet.com User-Agent: NTRIP TPA Client/0.0.0 Authorization: Basic bGFrZWNvdGVzdDpsYWtlY290ZXN0 Connection: close', '', '0', '0', '0', '0', '']
2025-05-09 02:37:31,782 - INFO - Skipping row: Empty Miner SN - Row Data: ['lakecotest', 'AUTO', '', '174.235.214.108', 'Failure', 'Account expired', '', '0', '0', '2025/05/08 21:48:50', '0', '0', 'GET /AUTO HTTP/1.1 Host: rtk.geodnet.com User-Agent: NTRIP TPA Client/0.0.0 Authorization: Basic bGFrZWNvdGVzdDpsYWtlY290ZXN0 Connection: close', '', '0', '0', '0', '0', '']
2025-05-09 02:37:33,888 - INFO - No modal detected.
2025-05-09 02:37:33,995 - INFO - Navigating to page 23...
2025-05-09 02:37:33,995 - INFO - Scraping page 23...
2025-05-09 02:37:34,011 - INFO - Log table found.
2025-05-09 02:37:34,026 - INFO - Found 21 rows on page 23.
2025-05-09 02:37:34,443 - INFO - Skipping row: Empty Miner SN - Row Data: ['lakecotest', 'AUTO', '', '174.235.214.108', 'Failure', 'Account expired', '', '0', '0', '2025/05/08 21:48:45', '0', '0', 'GET /AUTO HTTP/1.1 Host: rtk.geodnet.com User-Agent: NTRIP TPA Client/0.0.0 Authorization: Basic bGFrZWNvdGVzdDpsYWtlY290ZXN0 Connection: close', '', '0', '0', '0', '0', '']
2025-05-09 02:37:34,746 - INFO - Skipping row: Empty Miner SN - Row Data: ['lakecotest', 'AUTO', '', '174.235.214.108', 'Failure', 'Account expired', '', '0', '0', '2025/05/08 21:48:40', '0', '0', 'GET /AUTO HTTP/1.1 Host: rtk.geodnet.com User-Agent: NTRIP TPA Client/0.0.0 Authorization: Basic bGFrZWNvdGVzdDpsYWtlY290ZXN0 Connection: close', '', '0', '0', '0', '0', '']
2025-05-09 02:37:35,064 - INFO - Skipping row: Empty Miner SN - Row Data: ['lakecotest', 'AUTO', '', '174.235.214.108', 'Failure', 'Account expired', '', '0', '0', '2025/05/08 21:48:34', '0', '0', 'GET /AUTO HTTP/1.1 Host: rtk.geodnet.com User-Agent: NTRIP TPA Client/0.0.0 Authorization: Basic bGFrZWNvdGVzdDpsYWtlY290ZXN0 Connection: close', '', '0', '0', '0', '0', '']
2025-05-09 02:37:35,377 - INFO - Skipping row: Empty Miner SN - Row Data: ['lakecotest', 'AUTO', '', '174.235.214.108', 'Failure', 'Account expired', '', '0', '0', '2025/05/08 21:48:30', '0', '0', 'GET /AUTO HTTP/1.1 Host: rtk.geodnet.com User-Agent: NTRIP TPA Client/0.0.0 Authorization: Basic bGFrZWNvdGVzdDpsYWtlY290ZXN0 Connection: close', '', '0', '0', '0', '0', '']
2025-05-09 02:37:35,704 - INFO - Skipping row: Empty Miner SN - Row Data: ['lakecotest', 'AUTO', '', '174.235.214.108', 'Failure', 'Account expired', '', '0', '0', '2025/05/08 21:48:24', '0', '0', 'GET /AUTO HTTP/1.1 Host: rtk.geodnet.com User-Agent: NTRIP TPA Client/0.0.0 Authorization: Basic bGFrZWNvdGVzdDpsYWtlY290ZXN0 Connection: close', '', '0', '0', '0', '0', '']
2025-05-09 02:37:36,093 - INFO - Skipping row: Empty Miner SN - Row Data: ['lakecotest', 'AUTO', '', '174.235.214.108', 'Failure', 'Account expired', '', '0', '0', '2025/05/08 21:48:20', '0', '0', 'GET /AUTO HTTP/1.1 Host: rtk.geodnet.com User-Agent: NTRIP TPA Client/0.0.0 Authorization: Basic bGFrZWNvdGVzdDpsYWtlY290ZXN0 Connection: close', '', '0', '0', '0', '0', '']
2025-05-09 02:37:36,435 - INFO - Skipping row: Empty Miner SN - Row Data: ['lakecotest', 'AUTO', '', '174.235.214.108', 'Failure', 'Account expired', '', '0', '0', '2025/05/08 21:48:14', '0', '0', 'GET /AUTO HTTP/1.1 Host: rtk.geodnet.com User-Agent: NTRIP TPA Client/0.0.0 Authorization: Basic bGFrZWNvdGVzdDpsYWtlY290ZXN0 Connection: close', '', '0', '0', '0', '0', '']
2025-05-09 02:37:36,779 - INFO - Skipping row: Empty Miner SN - Row Data: ['lakecotest', 'AUTO', '', '174.235.214.108', 'Failure', 'Account expired', '', '0', '0', '2025/05/08 21:48:09', '0', '0', 'GET /AUTO HTTP/1.1 Host: rtk.geodnet.com User-Agent: NTRIP TPA Client/0.0.0 Authorization: Basic bGFrZWNvdGVzdDpsYWtlY290ZXN0 Connection: close', '', '0', '0', '0', '0', '']
2025-05-09 02:37:37,068 - INFO - Skipping row: Empty Miner SN - Row Data: ['lakecotest', 'AUTO', '', '174.235.214.108', 'Failure', 'Account expired', '', '0', '0', '2025/05/08 21:48:04', '0', '0', 'GET /AUTO HTTP/1.1 Host: rtk.geodnet.com User-Agent: NTRIP TPA Client/0.0.0 Authorization: Basic bGFrZWNvdGVzdDpsYWtlY290ZXN0 Connection: close', '', '0', '0', '0', '0', '']
2025-05-09 02:37:37,372 - INFO - Skipping row: Empty Miner SN - Row Data: ['lakecotest', 'AUTO', '', '174.235.214.108', 'Failure', 'Account expired', '', '0', '0', '2025/05/08 21:48:00', '0', '0', 'GET /AUTO HTTP/1.1 Host: rtk.geodnet.com User-Agent: NTRIP TPA Client/0.0.0 Authorization: Basic bGFrZWNvdGVzdDpsYWtlY290ZXN0 Connection: close', '', '0', '0', '0', '0', '']
2025-05-09 02:37:37,631 - INFO - Skipping row: Empty Miner SN - Row Data: ['lakecotest', 'AUTO', '', '174.235.214.108', 'Failure', 'Account expired', '', '0', '0', '2025/05/08 21:47:54', '0', '0', 'GET /AUTO HTTP/1.1 Host: rtk.geodnet.com User-Agent: NTRIP TPA Client/0.0.0 Authorization: Basic bGFrZWNvdGVzdDpsYWtlY290ZXN0 Connection: close', '', '0', '0', '0', '0', '']
2025-05-09 02:37:37,874 - INFO - Skipping row: Empty Miner SN - Row Data: ['lakecotest', 'AUTO', '', '174.235.214.108', 'Failure', 'Account expired', '', '0', '0', '2025/05/08 21:47:50', '0', '0', 'GET /AUTO HTTP/1.1 Host: rtk.geodnet.com User-Agent: NTRIP TPA Client/0.0.0 Authorization: Basic bGFrZWNvdGVzdDpsYWtlY290ZXN0 Connection: close', '', '0', '0', '0', '0', '']
2025-05-09 02:37:38,182 - INFO - Skipping row: Empty Miner SN - Row Data: ['lakecotest', 'AUTO', '', '174.235.214.108', 'Failure', 'Account expired', '', '0', '0', '2025/05/08 21:47:44', '0', '0', 'GET /AUTO HTTP/1.1 Host: rtk.geodnet.com User-Agent: NTRIP TPA Client/0.0.0 Authorization: Basic bGFrZWNvdGVzdDpsYWtlY290ZXN0 Connection: close', '', '0', '0', '0', '0', '']
2025-05-09 02:37:38,513 - INFO - Skipping row: Empty Miner SN - Row Data: ['lakecotest', 'AUTO', '', '174.235.214.108', 'Failure', 'Account expired', '', '0', '0', '2025/05/08 21:47:39', '0', '0', 'GET /AUTO HTTP/1.1 Host: rtk.geodnet.com User-Agent: NTRIP TPA Client/0.0.0 Authorization: Basic bGFrZWNvdGVzdDpsYWtlY290ZXN0 Connection: close', '', '0', '0', '0', '0', '']
2025-05-09 02:37:38,799 - INFO - Skipping row: Empty Miner SN - Row Data: ['lakecotest', 'AUTO', '', '174.235.214.108', 'Failure', 'Account expired', '', '0', '0', '2025/05/08 21:47:35', '0', '0', 'GET /AUTO HTTP/1.1 Host: rtk.geodnet.com User-Agent: NTRIP TPA Client/0.0.0 Authorization: Basic bGFrZWNvdGVzdDpsYWtlY290ZXN0 Connection: close', '', '0', '0', '0', '0', '']
2025-05-09 02:37:39,052 - INFO - Skipping row: Empty Miner SN - Row Data: ['lakecotest', 'AUTO', '', '174.235.214.108', 'Failure', 'Account expired', '', '0', '0', '2025/05/08 21:47:29', '0', '0', 'GET /AUTO HTTP/1.1 Host: rtk.geodnet.com User-Agent: NTRIP TPA Client/0.0.0 Authorization: Basic bGFrZWNvdGVzdDpsYWtlY290ZXN0 Connection: close', '', '0', '0', '0', '0', '']
2025-05-09 02:37:39,273 - INFO - Skipping row: Empty Miner SN - Row Data: ['lakecotest', 'AUTO', '', '174.235.214.108', 'Failure', 'Account expired', '', '0', '0', '2025/05/08 21:47:25', '0', '0', 'GET /AUTO HTTP/1.1 Host: rtk.geodnet.com User-Agent: NTRIP TPA Client/0.0.0 Authorization: Basic bGFrZWNvdGVzdDpsYWtlY290ZXN0 Connection: close', '', '0', '0', '0', '0', '']
2025-05-09 02:37:39,481 - INFO - Skipping row: Empty Miner SN - Row Data: ['lakecotest', 'AUTO', '', '174.235.214.108', 'Failure', 'Account expired', '', '0', '0', '2025/05/08 21:47:19', '0', '0', 'GET /AUTO HTTP/1.1 Host: rtk.geodnet.com User-Agent: NTRIP TPA Client/0.0.0 Authorization: Basic bGFrZWNvdGVzdDpsYWtlY290ZXN0 Connection: close', '', '0', '0', '0', '0', '']
2025-05-09 02:37:39,679 - INFO - Skipping row: Empty Miner SN - Row Data: ['lakecotest', 'AUTO', '', '174.235.214.108', 'Failure', 'Account expired', '', '0', '0', '2025/05/08 21:47:14', '0', '0', 'GET /AUTO HTTP/1.1 Host: rtk.geodnet.com User-Agent: NTRIP TPA Client/0.0.0 Authorization: Basic bGFrZWNvdGVzdDpsYWtlY290ZXN0 Connection: close', '', '0', '0', '0', '0', '']
2025-05-09 02:37:39,873 - INFO - Skipping row: Empty Miner SN - Row Data: ['lakecotest', 'AUTO', '', '174.235.214.108', 'Failure', 'Account expired', '', '0', '0', '2025/05/08 21:47:09', '0', '0', 'GET /AUTO HTTP/1.1 Host: rtk.geodnet.com User-Agent: NTRIP TPA Client/0.0.0 Authorization: Basic bGFrZWNvdGVzdDpsYWtlY290ZXN0 Connection: close', '', '0', '0', '0', '0', '']
2025-05-09 02:37:41,983 - INFO - No modal detected.
2025-05-09 02:37:42,101 - INFO - Navigating to page 24...
2025-05-09 02:37:42,102 - INFO - Scraping page 24...
2025-05-09 02:37:42,118 - INFO - Log table found.
2025-05-09 02:37:42,138 - INFO - Found 21 rows on page 24.
2025-05-09 02:37:42,555 - INFO - Skipping row: Empty Miner SN - Row Data: ['lakecotest', 'AUTO', '', '174.235.214.108', 'Failure', 'Account expired', '', '0', '0', '2025/05/08 21:47:04', '0', '0', 'GET /AUTO HTTP/1.1 Host: rtk.geodnet.com User-Agent: NTRIP TPA Client/0.0.0 Authorization: Basic bGFrZWNvdGVzdDpsYWtlY290ZXN0 Connection: close', '', '0', '0', '0', '0', '']
2025-05-09 02:37:42,865 - INFO - Skipping row: Empty Miner SN - Row Data: ['lakecotest', 'AUTO', '', '174.235.214.108', 'Failure', 'Account expired', '', '0', '0', '2025/05/08 21:46:59', '0', '0', 'GET /AUTO HTTP/1.1 Host: rtk.geodnet.com User-Agent: NTRIP TPA Client/0.0.0 Authorization: Basic bGFrZWNvdGVzdDpsYWtlY290ZXN0 Connection: close', '', '0', '0', '0', '0', '']
2025-05-09 02:37:43,155 - INFO - Skipping row: Empty Miner SN - Row Data: ['lakecotest', 'AUTO', '', '174.235.214.108', 'Failure', 'Account expired', '', '0', '0', '2025/05/08 21:46:54', '0', '0', 'GET /AUTO HTTP/1.1 Host: rtk.geodnet.com User-Agent: NTRIP TPA Client/0.0.0 Authorization: Basic bGFrZWNvdGVzdDpsYWtlY290ZXN0 Connection: close', '', '0', '0', '0', '0', '']
2025-05-09 02:37:43,483 - INFO - Skipping row: Empty Miner SN - Row Data: ['lakecotest', 'AUTO', '', '174.235.214.108', 'Failure', 'Account expired', '', '0', '0', '2025/05/08 21:46:49', '0', '0', 'GET /AUTO HTTP/1.1 Host: rtk.geodnet.com User-Agent: NTRIP TPA Client/0.0.0 Authorization: Basic bGFrZWNvdGVzdDpsYWtlY290ZXN0 Connection: close', '', '0', '0', '0', '0', '']
2025-05-09 02:37:43,802 - INFO - Skipping row: Empty Miner SN - Row Data: ['lakecotest', 'AUTO', '', '174.235.214.108', 'Failure', 'Account expired', '', '0', '0', '2025/05/08 21:46:44', '0', '0', 'GET /AUTO HTTP/1.1 Host: rtk.geodnet.com User-Agent: NTRIP TPA Client/0.0.0 Authorization: Basic bGFrZWNvdGVzdDpsYWtlY290ZXN0 Connection: close', '', '0', '0', '0', '0', '']
2025-05-09 02:37:44,141 - INFO - Skipping row: Empty Miner SN - Row Data: ['lakecotest', 'AUTO', '', '174.235.214.108', 'Failure', 'Account expired', '', '0', '0', '2025/05/08 21:46:39', '0', '0', 'GET /AUTO HTTP/1.1 Host: rtk.geodnet.com User-Agent: NTRIP TPA Client/0.0.0 Authorization: Basic bGFrZWNvdGVzdDpsYWtlY290ZXN0 Connection: close', '', '0', '0', '0', '0', '']
2025-05-09 02:37:44,448 - INFO - Skipping row: Empty Miner SN - Row Data: ['lakecotest', 'AUTO', '', '174.235.214.108', 'Failure', 'Account expired', '', '0', '0', '2025/05/08 21:46:34', '0', '0', 'GET /AUTO HTTP/1.1 Host: rtk.geodnet.com User-Agent: NTRIP TPA Client/0.0.0 Authorization: Basic bGFrZWNvdGVzdDpsYWtlY290ZXN0 Connection: close', '', '0', '0', '0', '0', '']
2025-05-09 02:37:44,767 - INFO - Skipping row: Empty Miner SN - Row Data: ['lakecotest', 'AUTO', '', '174.235.214.108', 'Failure', 'Account expired', '', '0', '0', '2025/05/08 21:46:30', '0', '0', 'GET /AUTO HTTP/1.1 Host: rtk.geodnet.com User-Agent: NTRIP TPA Client/0.0.0 Authorization: Basic bGFrZWNvdGVzdDpsYWtlY290ZXN0 Connection: close', '', '0', '0', '0', '0', '']
2025-05-09 02:37:45,075 - INFO - Skipping row: Empty Miner SN - Row Data: ['lakecotest', 'AUTO', '', '174.235.214.108', 'Failure', 'Account expired', '', '0', '0', '2025/05/08 21:46:24', '0', '0', 'GET /AUTO HTTP/1.1 Host: rtk.geodnet.com User-Agent: NTRIP TPA Client/0.0.0 Authorization: Basic bGFrZWNvdGVzdDpsYWtlY290ZXN0 Connection: close', '', '0', '0', '0', '0', '']
2025-05-09 02:37:45,351 - INFO - Skipping row: Empty Miner SN - Row Data: ['lakecotest', 'AUTO', '', '174.235.214.108', 'Failure', 'Account expired', '', '0', '0', '2025/05/08 21:46:19', '0', '0', 'GET /AUTO HTTP/1.1 Host: rtk.geodnet.com User-Agent: NTRIP TPA Client/0.0.0 Authorization: Basic bGFrZWNvdGVzdDpsYWtlY290ZXN0 Connection: close', '', '0', '0', '0', '0', '']
2025-05-09 02:37:45,623 - INFO - Skipping row: Empty Miner SN - Row Data: ['lakecotest', 'AUTO', '', '174.235.214.108', 'Failure', 'Account expired', '', '0', '0', '2025/05/08 21:46:14', '0', '0', 'GET /AUTO HTTP/1.1 Host: rtk.geodnet.com User-Agent: NTRIP TPA Client/0.0.0 Authorization: Basic bGFrZWNvdGVzdDpsYWtlY290ZXN0 Connection: close', '', '0', '0', '0', '0', '']
2025-05-09 02:37:45,954 - INFO - Skipping row: Empty Miner SN - Row Data: ['lakecotest', 'AUTO', '', '174.235.214.108', 'Failure', 'Account expired', '', '0', '0', '2025/05/08 21:46:09', '0', '0', 'GET /AUTO HTTP/1.1 Host: rtk.geodnet.com User-Agent: NTRIP TPA Client/0.0.0 Authorization: Basic bGFrZWNvdGVzdDpsYWtlY290ZXN0 Connection: close', '', '0', '0', '0', '0', '']
2025-05-09 02:37:46,232 - INFO - Skipping row: Empty Miner SN - Row Data: ['lakecotest', 'AUTO', '', '174.235.214.108', 'Failure', 'Account expired', '', '0', '0', '2025/05/08 21:46:04', '0', '0', 'GET /AUTO HTTP/1.1 Host: rtk.geodnet.com User-Agent: NTRIP TPA Client/0.0.0 Authorization: Basic bGFrZWNvdGVzdDpsYWtlY290ZXN0 Connection: close', '', '0', '0', '0', '0', '']
2025-05-09 02:37:46,481 - INFO - Skipping row: Empty Miner SN - Row Data: ['lakecotest', 'AUTO', '', '174.235.214.108', 'Failure', 'Account expired', '', '0', '0', '2025/05/08 21:45:59', '0', '0', 'GET /AUTO HTTP/1.1 Host: rtk.geodnet.com User-Agent: NTRIP TPA Client/0.0.0 Authorization: Basic bGFrZWNvdGVzdDpsYWtlY290ZXN0 Connection: close', '', '0', '0', '0', '0', '']
2025-05-09 02:37:46,752 - INFO - Skipping row: Empty Miner SN - Row Data: ['lakecotest', 'AUTO', '', '174.235.214.108', 'Failure', 'Account expired', '', '0', '0', '2025/05/08 21:45:54', '0', '0', 'GET /AUTO HTTP/1.1 Host: rtk.geodnet.com User-Agent: NTRIP TPA Client/0.0.0 Authorization: Basic bGFrZWNvdGVzdDpsYWtlY290ZXN0 Connection: close', '', '0', '0', '0', '0', '']
2025-05-09 02:37:46,981 - INFO - Skipping row: Empty Miner SN - Row Data: ['lakecotest', 'AUTO', '', '174.235.214.108', 'Failure', 'Account expired', '', '0', '0', '2025/05/08 21:45:49', '0', '0', 'GET /AUTO HTTP/1.1 Host: rtk.geodnet.com User-Agent: NTRIP TPA Client/0.0.0 Authorization: Basic bGFrZWNvdGVzdDpsYWtlY290ZXN0 Connection: close', '', '0', '0', '0', '0', '']
2025-05-09 02:37:47,188 - INFO - Skipping row: Empty Miner SN - Row Data: ['lakecotest', 'AUTO', '', '174.235.214.108', 'Failure', 'Account expired', '', '0', '0', '2025/05/08 21:45:44', '0', '0', 'GET /AUTO HTTP/1.1 Host: rtk.geodnet.com User-Agent: NTRIP TPA Client/0.0.0 Authorization: Basic bGFrZWNvdGVzdDpsYWtlY290ZXN0 Connection: close', '', '0', '0', '0', '0', '']
2025-05-09 02:37:47,398 - INFO - Skipping row: Empty Miner SN - Row Data: ['lakecotest', 'AUTO', '', '174.235.214.108', 'Failure', 'Account expired', '', '0', '0', '2025/05/08 21:45:39', '0', '0', 'GET /AUTO HTTP/1.1 Host: rtk.geodnet.com User-Agent: NTRIP TPA Client/0.0.0 Authorization: Basic bGFrZWNvdGVzdDpsYWtlY290ZXN0 Connection: close', '', '0', '0', '0', '0', '']
2025-05-09 02:37:47,583 - INFO - Skipping row: Empty Miner SN - Row Data: ['lakecotest', 'AUTO', '', '174.235.214.108', 'Failure', 'Account expired', '', '0', '0', '2025/05/08 21:45:34', '0', '0', 'GET /AUTO HTTP/1.1 Host: rtk.geodnet.com User-Agent: NTRIP TPA Client/0.0.0 Authorization: Basic bGFrZWNvdGVzdDpsYWtlY290ZXN0 Connection: close', '', '0', '0', '0', '0', '']
2025-05-09 02:37:47,771 - INFO - Skipping row: Empty Miner SN - Row Data: ['lakecotest', 'AUTO', '', '174.235.214.108', 'Failure', 'Account expired', '', '0', '0', '2025/05/08 21:45:29', '0', '0', 'GET /AUTO HTTP/1.1 Host: rtk.geodnet.com User-Agent: NTRIP TPA Client/0.0.0 Authorization: Basic bGFrZWNvdGVzdDpsYWtlY290ZXN0 Connection: close', '', '0', '0', '0', '0', '']
2025-05-09 02:37:49,875 - INFO - No modal detected.
2025-05-09 02:37:49,979 - INFO - Navigating to page 25...
2025-05-09 02:37:49,979 - INFO - Scraping page 25...
2025-05-09 02:37:49,998 - INFO - Log table found.
2025-05-09 02:37:50,020 - INFO - Found 21 rows on page 25.
2025-05-09 02:37:50,399 - INFO - Skipping row: Empty Miner SN - Row Data: ['lakecotest', 'AUTO', '', '174.235.214.108', 'Failure', 'Account expired', '', '0', '0', '2025/05/08 21:45:24', '0', '0', 'GET /AUTO HTTP/1.1 Host: rtk.geodnet.com User-Agent: NTRIP TPA Client/0.0.0 Authorization: Basic bGFrZWNvdGVzdDpsYWtlY290ZXN0 Connection: close', '', '0', '0', '0', '0', '']
2025-05-09 02:37:50,749 - INFO - Skipping row: Empty Miner SN - Row Data: ['lakecotest', 'AUTO', '', '174.235.214.108', 'Failure', 'Account expired', '', '0', '0', '2025/05/08 21:45:19', '0', '0', 'GET /AUTO HTTP/1.1 Host: rtk.geodnet.com User-Agent: NTRIP TPA Client/0.0.0 Authorization: Basic bGFrZWNvdGVzdDpsYWtlY290ZXN0 Connection: close', '', '0', '0', '0', '0', '']
2025-05-09 02:37:51,108 - INFO - Skipping row: Empty Miner SN - Row Data: ['lakecotest', 'AUTO', '', '174.235.214.108', 'Failure', 'Account expired', '', '0', '0', '2025/05/08 21:45:14', '0', '0', 'GET /AUTO HTTP/1.1 Host: rtk.geodnet.com User-Agent: NTRIP TPA Client/0.0.0 Authorization: Basic bGFrZWNvdGVzdDpsYWtlY290ZXN0 Connection: close', '', '0', '0', '0', '0', '']
2025-05-09 02:37:51,432 - INFO - Skipping row: Empty Miner SN - Row Data: ['lakecotest', 'AUTO', '', '174.235.214.108', 'Failure', 'Account expired', '', '0', '0', '2025/05/08 21:45:09', '0', '0', 'GET /AUTO HTTP/1.1 Host: rtk.geodnet.com User-Agent: NTRIP TPA Client/0.0.0 Authorization: Basic bGFrZWNvdGVzdDpsYWtlY290ZXN0 Connection: close', '', '0', '0', '0', '0', '']
2025-05-09 02:37:51,851 - INFO - Skipping row: Empty Miner SN - Row Data: ['lakecotest', 'AUTO', '', '174.235.214.108', 'Failure', 'Account expired', '', '0', '0', '2025/05/08 21:45:04', '0', '0', 'GET /AUTO HTTP/1.1 Host: rtk.geodnet.com User-Agent: NTRIP TPA Client/0.0.0 Authorization: Basic bGFrZWNvdGVzdDpsYWtlY290ZXN0 Connection: close', '', '0', '0', '0', '0', '']
2025-05-09 02:37:52,194 - INFO - Skipping row: Empty Miner SN - Row Data: ['lakecotest', 'AUTO', '', '174.235.214.108', 'Failure', 'Account expired', '', '0', '0', '2025/05/08 21:44:59', '0', '0', 'GET /AUTO HTTP/1.1 Host: rtk.geodnet.com User-Agent: NTRIP TPA Client/0.0.0 Authorization: Basic bGFrZWNvdGVzdDpsYWtlY290ZXN0 Connection: close', '', '0', '0', '0', '0', '']
2025-05-09 02:37:52,517 - INFO - Skipping row: Empty Miner SN - Row Data: ['lakecotest', 'AUTO', '', '174.235.214.108', 'Failure', 'Account expired', '', '0', '0', '2025/05/08 21:44:54', '0', '0', 'GET /AUTO HTTP/1.1 Host: rtk.geodnet.com User-Agent: NTRIP TPA Client/0.0.0 Authorization: Basic bGFrZWNvdGVzdDpsYWtlY290ZXN0 Connection: close', '', '0', '0', '0', '0', '']
2025-05-09 02:37:52,821 - INFO - Skipping row: Empty Miner SN - Row Data: ['lakecotest', 'AUTO', '', '174.235.214.108', 'Failure', 'Account expired', '', '0', '0', '2025/05/08 21:44:49', '0', '0', 'GET /AUTO HTTP/1.1 Host: rtk.geodnet.com User-Agent: NTRIP TPA Client/0.0.0 Authorization: Basic bGFrZWNvdGVzdDpsYWtlY290ZXN0 Connection: close', '', '0', '0', '0', '0', '']
2025-05-09 02:37:53,085 - INFO - Skipping row: Empty Miner SN - Row Data: ['lakecotest', 'AUTO', '', '174.235.214.108', 'Failure', 'Account expired', '', '0', '0', '2025/05/08 21:44:44', '0', '0', 'GET /AUTO HTTP/1.1 Host: rtk.geodnet.com User-Agent: NTRIP TPA Client/0.0.0 Authorization: Basic bGFrZWNvdGVzdDpsYWtlY290ZXN0 Connection: close', '', '0', '0', '0', '0', '']
2025-05-09 02:37:53,322 - INFO - Skipping row: Empty Miner SN - Row Data: ['lakecotest', 'AUTO', '', '174.235.214.108', 'Failure', 'Account expired', '', '0', '0', '2025/05/08 21:44:39', '0', '0', 'GET /AUTO HTTP/1.1 Host: rtk.geodnet.com User-Agent: NTRIP TPA Client/0.0.0 Authorization: Basic bGFrZWNvdGVzdDpsYWtlY290ZXN0 Connection: close', '', '0', '0', '0', '0', '']
2025-05-09 02:37:53,574 - INFO - Skipping row: Empty Miner SN - Row Data: ['lakecotest', 'AUTO', '', '174.235.214.108', 'Failure', 'Account expired', '', '0', '0', '2025/05/08 21:44:34', '0', '0', 'GET /AUTO HTTP/1.1 Host: rtk.geodnet.com User-Agent: NTRIP TPA Client/0.0.0 Authorization: Basic bGFrZWNvdGVzdDpsYWtlY290ZXN0 Connection: close', '', '0', '0', '0', '0', '']
2025-05-09 02:37:53,820 - INFO - Skipping row: Empty Miner SN - Row Data: ['lakecotest', 'AUTO', '', '174.235.214.108', 'Failure', 'Account expired', '', '0', '0', '2025/05/08 21:44:29', '0', '0', 'GET /AUTO HTTP/1.1 Host: rtk.geodnet.com User-Agent: NTRIP TPA Client/0.0.0 Authorization: Basic bGFrZWNvdGVzdDpsYWtlY290ZXN0 Connection: close', '', '0', '0', '0', '0', '']
2025-05-09 02:37:54,067 - INFO - Skipping row: Empty Miner SN - Row Data: ['lakecotest', 'AUTO', '', '174.235.214.108', 'Failure', 'Account expired', '', '0', '0', '2025/05/08 21:44:24', '0', '0', 'GET /AUTO HTTP/1.1 Host: rtk.geodnet.com User-Agent: NTRIP TPA Client/0.0.0 Authorization: Basic bGFrZWNvdGVzdDpsYWtlY290ZXN0 Connection: close', '', '0', '0', '0', '0', '']
2025-05-09 02:37:54,321 - INFO - Skipping row: Empty Miner SN - Row Data: ['lakecotest', 'AUTO', '', '174.235.214.108', 'Failure', 'Account expired', '', '0', '0', '2025/05/08 21:44:19', '0', '0', 'GET /AUTO HTTP/1.1 Host: rtk.geodnet.com User-Agent: NTRIP TPA Client/0.0.0 Authorization: Basic bGFrZWNvdGVzdDpsYWtlY290ZXN0 Connection: close', '', '0', '0', '0', '0', '']
2025-05-09 02:37:54,554 - INFO - Skipping row: Empty Miner SN - Row Data: ['lakecotest', 'AUTO', '', '174.235.214.108', 'Failure', 'Account expired', '', '0', '0', '2025/05/08 21:44:14', '0', '0', 'GET /AUTO HTTP/1.1 Host: rtk.geodnet.com User-Agent: NTRIP TPA Client/0.0.0 Authorization: Basic bGFrZWNvdGVzdDpsYWtlY290ZXN0 Connection: close', '', '0', '0', '0', '0', '']
2025-05-09 02:37:54,787 - INFO - Skipping row: Empty Miner SN - Row Data: ['lakecotest', 'AUTO', '', '174.235.214.108', 'Failure', 'Account expired', '', '0', '0', '2025/05/08 21:44:09', '0', '0', 'GET /AUTO HTTP/1.1 Host: rtk.geodnet.com User-Agent: NTRIP TPA Client/0.0.0 Authorization: Basic bGFrZWNvdGVzdDpsYWtlY290ZXN0 Connection: close', '', '0', '0', '0', '0', '']
2025-05-09 02:37:55,013 - INFO - Skipping row: Empty Miner SN - Row Data: ['lakecotest', 'AUTO', '', '174.235.214.108', 'Failure', 'Account expired', '', '0', '0', '2025/05/08 21:44:04', '0', '0', 'GET /AUTO HTTP/1.1 Host: rtk.geodnet.com User-Agent: NTRIP TPA Client/0.0.0 Authorization: Basic bGFrZWNvdGVzdDpsYWtlY290ZXN0 Connection: close', '', '0', '0', '0', '0', '']
2025-05-09 02:37:55,244 - INFO - Skipping row: Empty Miner SN - Row Data: ['lakecotest', 'AUTO', '', '174.235.214.108', 'Failure', 'Account expired', '', '0', '0', '2025/05/08 21:43:59', '0', '0', 'GET /AUTO HTTP/1.1 Host: rtk.geodnet.com User-Agent: NTRIP TPA Client/0.0.0 Authorization: Basic bGFrZWNvdGVzdDpsYWtlY290ZXN0 Connection: close', '', '0', '0', '0', '0', '']
2025-05-09 02:37:55,461 - INFO - Skipping row: Empty Miner SN - Row Data: ['lakecotest', 'AUTO', '', '174.235.214.108', 'Failure', 'Account expired', '', '0', '0', '2025/05/08 21:43:54', '0', '0', 'GET /AUTO HTTP/1.1 Host: rtk.geodnet.com User-Agent: NTRIP TPA Client/0.0.0 Authorization: Basic bGFrZWNvdGVzdDpsYWtlY290ZXN0 Connection: close', '', '0', '0', '0', '0', '']
2025-05-09 02:37:55,676 - INFO - Skipping row: Empty Miner SN - Row Data: ['lakecotest', 'AUTO', '', '174.235.214.108', 'Failure', 'Account expired', '', '0', '0', '2025/05/08 21:43:49', '0', '0', 'GET /AUTO HTTP/1.1 Host: rtk.geodnet.com User-Agent: NTRIP TPA Client/0.0.0 Authorization: Basic bGFrZWNvdGVzdDpsYWtlY290ZXN0 Connection: close', '', '0', '0', '0', '0', '']
2025-05-09 02:37:57,788 - INFO - No modal detected.
2025-05-09 02:37:57,901 - INFO - Navigating to page 26...
2025-05-09 02:37:57,902 - INFO - Scraping page 26...
2025-05-09 02:37:57,919 - INFO - Log table found.
2025-05-09 02:37:57,937 - INFO - Found 21 rows on page 26.
2025-05-09 02:37:58,361 - INFO - Skipping row: Empty Miner SN - Row Data: ['lakecotest', 'AUTO', '', '174.235.214.108', 'Failure', 'Account expired', '', '0', '0', '2025/05/08 21:45:24', '0', '0', 'GET /AUTO HTTP/1.1 Host: rtk.geodnet.com User-Agent: NTRIP TPA Client/0.0.0 Authorization: Basic bGFrZWNvdGVzdDpsYWtlY290ZXN0 Connection: close', '', '0', '0', '0', '0', '']
2025-05-09 02:37:58,680 - INFO - Skipping row: Empty Miner SN - Row Data: ['lakecotest', 'AUTO', '', '174.235.214.108', 'Failure', 'Account expired', '', '0', '0', '2025/05/08 21:43:39', '0', '0', 'GET /AUTO HTTP/1.1 Host: rtk.geodnet.com User-Agent: NTRIP TPA Client/0.0.0 Authorization: Basic bGFrZWNvdGVzdDpsYWtlY290ZXN0 Connection: close', '', '0', '0', '0', '0', '']
2025-05-09 02:37:58,987 - INFO - Skipping row: Empty Miner SN - Row Data: ['lakecotest', 'AUTO', '', '174.235.214.108', 'Failure', 'Account expired', '', '0', '0', '2025/05/08 21:43:34', '0', '0', 'GET /AUTO HTTP/1.1 Host: rtk.geodnet.com User-Agent: NTRIP TPA Client/0.0.0 Authorization: Basic bGFrZWNvdGVzdDpsYWtlY290ZXN0 Connection: close', '', '0', '0', '0', '0', '']
2025-05-09 02:37:59,309 - INFO - Skipping row: Empty Miner SN - Row Data: ['lakecotest', 'AUTO', '', '174.235.214.108', 'Failure', 'Account expired', '', '0', '0', '2025/05/08 21:43:29', '0', '0', 'GET /AUTO HTTP/1.1 Host: rtk.geodnet.com User-Agent: NTRIP TPA Client/0.0.0 Authorization: Basic bGFrZWNvdGVzdDpsYWtlY290ZXN0 Connection: close', '', '0', '0', '0', '0', '']
2025-05-09 02:37:59,618 - INFO - Skipping row: Empty Miner SN - Row Data: ['lakecotest', 'AUTO', '', '174.235.214.108', 'Failure', 'Account expired', '', '0', '0', '2025/05/08 21:43:24', '0', '0', 'GET /AUTO HTTP/1.1 Host: rtk.geodnet.com User-Agent: NTRIP TPA Client/0.0.0 Authorization: Basic bGFrZWNvdGVzdDpsYWtlY290ZXN0 Connection: close', '', '0', '0', '0', '0', '']
2025-05-09 02:37:59,968 - INFO - Skipping row: Empty Miner SN - Row Data: ['lakecotest', 'AUTO', '', '174.235.214.108', 'Failure', 'Account expired', '', '0', '0', '2025/05/08 21:43:19', '0', '0', 'GET /AUTO HTTP/1.1 Host: rtk.geodnet.com User-Agent: NTRIP TPA Client/0.0.0 Authorization: Basic bGFrZWNvdGVzdDpsYWtlY290ZXN0 Connection: close', '', '0', '0', '0', '0', '']
2025-05-09 02:38:00,308 - INFO - Skipping row: Empty Miner SN - Row Data: ['lakecotest', 'AUTO', '', '174.235.214.108', 'Failure', 'Account expired', '', '0', '0', '2025/05/08 21:43:14', '0', '0', 'GET /AUTO HTTP/1.1 Host: rtk.geodnet.com User-Agent: NTRIP TPA Client/0.0.0 Authorization: Basic bGFrZWNvdGVzdDpsYWtlY290ZXN0 Connection: close', '', '0', '0', '0', '0', '']
2025-05-09 02:38:00,630 - INFO - Skipping row: Empty Miner SN - Row Data: ['lakecotest', 'AUTO', '', '174.235.214.108', 'Failure', 'Account expired', '', '0', '0', '2025/05/08 21:43:09', '0', '0', 'GET /AUTO HTTP/1.1 Host: rtk.geodnet.com User-Agent: NTRIP TPA Client/0.0.0 Authorization: Basic bGFrZWNvdGVzdDpsYWtlY290ZXN0 Connection: close', '', '0', '0', '0', '0', '']
2025-05-09 02:38:00,932 - INFO - Skipping row: Empty Miner SN - Row Data: ['lakecotest', 'AUTO', '', '174.235.214.108', 'Failure', 'Account expired', '', '0', '0', '2025/05/08 21:43:04', '0', '0', 'GET /AUTO HTTP/1.1 Host: rtk.geodnet.com User-Agent: NTRIP TPA Client/0.0.0 Authorization: Basic bGFrZWNvdGVzdDpsYWtlY290ZXN0 Connection: close', '', '0', '0', '0', '0', '']
2025-05-09 02:38:01,227 - INFO - Skipping row: Empty Miner SN - Row Data: ['lakecotest', 'AUTO', '', '174.235.214.108', 'Failure', 'Account expired', '', '0', '0', '2025/05/08 21:42:59', '0', '0', 'GET /AUTO HTTP/1.1 Host: rtk.geodnet.com User-Agent: NTRIP TPA Client/0.0.0 Authorization: Basic bGFrZWNvdGVzdDpsYWtlY290ZXN0 Connection: close', '', '0', '0', '0', '0', '']
2025-05-09 02:38:01,519 - INFO - Skipping row: Empty Miner SN - Row Data: ['lakecotest', 'AUTO', '', '174.235.214.108', 'Failure', 'Account expired', '', '0', '0', '2025/05/08 21:42:54', '0', '0', 'GET /AUTO HTTP/1.1 Host: rtk.geodnet.com User-Agent: NTRIP TPA Client/0.0.0 Authorization: Basic bGFrZWNvdGVzdDpsYWtlY290ZXN0 Connection: close', '', '0', '0', '0', '0', '']
2025-05-09 02:38:01,783 - INFO - Skipping row: Empty Miner SN - Row Data: ['lakecotest', 'AUTO', '', '174.235.214.108', 'Failure', 'Account expired', '', '0', '0', '2025/05/08 21:42:49', '0', '0', 'GET /AUTO HTTP/1.1 Host: rtk.geodnet.com User-Agent: NTRIP TPA Client/0.0.0 Authorization: Basic bGFrZWNvdGVzdDpsYWtlY290ZXN0 Connection: close', '', '0', '0', '0', '0', '']
2025-05-09 02:38:02,047 - INFO - Skipping row: Empty Miner SN - Row Data: ['lakecotest', 'AUTO', '', '174.235.214.108', 'Failure', 'Account expired', '', '0', '0', '2025/05/08 21:42:44', '0', '0', 'GET /AUTO HTTP/1.1 Host: rtk.geodnet.com User-Agent: NTRIP TPA Client/0.0.0 Authorization: Basic bGFrZWNvdGVzdDpsYWtlY290ZXN0 Connection: close', '', '0', '0', '0', '0', '']
2025-05-09 02:38:02,298 - INFO - Skipping row: Empty Miner SN - Row Data: ['lakecotest', 'AUTO', '', '174.235.214.108', 'Failure', 'Account expired', '', '0', '0', '2025/05/08 21:42:39', '0', '0', 'GET /AUTO HTTP/1.1 Host: rtk.geodnet.com User-Agent: NTRIP TPA Client/0.0.0 Authorization: Basic bGFrZWNvdGVzdDpsYWtlY290ZXN0 Connection: close', '', '0', '0', '0', '0', '']
2025-05-09 02:38:02,522 - INFO - Skipping row: Empty Miner SN - Row Data: ['lakecotest', 'AUTO', '', '174.235.214.108', 'Failure', 'Account expired', '', '0', '0', '2025/05/08 21:42:34', '0', '0', 'GET /AUTO HTTP/1.1 Host: rtk.geodnet.com User-Agent: NTRIP TPA Client/0.0.0 Authorization: Basic bGFrZWNvdGVzdDpsYWtlY290ZXN0 Connection: close', '', '0', '0', '0', '0', '']
2025-05-09 02:38:02,725 - INFO - Skipping row: Empty Miner SN - Row Data: ['lakecotest', 'AUTO', '', '174.235.214.108', 'Failure', 'Account expired', '', '0', '0', '2025/05/08 21:42:29', '0', '0', 'GET /AUTO HTTP/1.1 Host: rtk.geodnet.com User-Agent: NTRIP TPA Client/0.0.0 Authorization: Basic bGFrZWNvdGVzdDpsYWtlY290ZXN0 Connection: close', '', '0', '0', '0', '0', '']
2025-05-09 02:38:03,303 - INFO - Skipping row: Empty Miner SN - Row Data: ['lakecotest', 'AUTO', '', '174.235.214.108', 'Failure', 'Account expired', '', '0', '0', '2025/05/08 21:42:24', '0', '0', 'GET /AUTO HTTP/1.1 Host: rtk.geodnet.com User-Agent: NTRIP TPA Client/0.0.0 Authorization: Basic bGFrZWNvdGVzdDpsYWtlY290ZXN0 Connection: close', '', '0', '0', '0', '0', '']
2025-05-09 02:38:03,534 - INFO - Skipping row: Empty Miner SN - Row Data: ['lakecotest', 'AUTO', '', '174.235.214.108', 'Failure', 'Account expired', '', '0', '0', '2025/05/08 21:42:19', '0', '0', 'GET /AUTO HTTP/1.1 Host: rtk.geodnet.com User-Agent: NTRIP TPA Client/0.0.0 Authorization: Basic bGFrZWNvdGVzdDpsYWtlY290ZXN0 Connection: close', '', '0', '0', '0', '0', '']
2025-05-09 02:38:03,752 - INFO - Skipping row: Empty Miner SN - Row Data: ['lakecotest', 'AUTO', '', '174.235.214.108', 'Failure', 'Account expired', '', '0', '0', '2025/05/08 21:42:14', '0', '0', 'GET /AUTO HTTP/1.1 Host: rtk.geodnet.com User-Agent: NTRIP TPA Client/0.0.0 Authorization: Basic bGFrZWNvdGVzdDpsYWtlY290ZXN0 Connection: close', '', '0', '0', '0', '0', '']
2025-05-09 02:38:05,853 - INFO - No modal detected.
2025-05-09 02:38:05,990 - INFO - Navigating to page 27...
2025-05-09 02:38:05,990 - INFO - Scraping page 27...
2025-05-09 02:38:06,008 - INFO - Log table found.
2025-05-09 02:38:06,027 - INFO - Found 21 rows on page 27.
2025-05-09 02:38:06,606 - INFO - Skipping row: Empty Miner SN - Row Data: ['lakecotest', 'AUTO', '', '174.235.214.108', 'Failure', 'Account expired', '', '0', '0', '2025/05/08 21:42:09', '0', '0', 'GET /AUTO HTTP/1.1 Host: rtk.geodnet.com User-Agent: NTRIP TPA Client/0.0.0 Authorization: Basic bGFrZWNvdGVzdDpsYWtlY290ZXN0 Connection: close', '', '0', '0', '0', '0', '']
2025-05-09 02:38:06,966 - INFO - Skipping row: Empty Miner SN - Row Data: ['lakecotest', 'AUTO', '', '174.235.214.108', 'Failure', 'Account expired', '', '0', '0', '2025/05/08 21:42:04', '0', '0', 'GET /AUTO HTTP/1.1 Host: rtk.geodnet.com User-Agent: NTRIP TPA Client/0.0.0 Authorization: Basic bGFrZWNvdGVzdDpsYWtlY290ZXN0 Connection: close', '', '0', '0', '0', '0', '']
2025-05-09 02:38:07,333 - INFO - Skipping row: Empty Miner SN - Row Data: ['lakecotest', 'AUTO', '', '174.235.214.108', 'Failure', 'Account expired', '', '0', '0', '2025/05/08 21:41:59', '0', '0', 'GET /AUTO HTTP/1.1 Host: rtk.geodnet.com User-Agent: NTRIP TPA Client/0.0.0 Authorization: Basic bGFrZWNvdGVzdDpsYWtlY290ZXN0 Connection: close', '', '0', '0', '0', '0', '']
2025-05-09 02:38:07,808 - INFO - Skipping row: Empty Miner SN - Row Data: ['lakecotest', 'AUTO', '', '174.235.214.108', 'Failure', 'Account expired', '', '0', '0', '2025/05/08 21:41:54', '0', '0', 'GET /AUTO HTTP/1.1 Host: rtk.geodnet.com User-Agent: NTRIP TPA Client/0.0.0 Authorization: Basic bGFrZWNvdGVzdDpsYWtlY290ZXN0 Connection: close', '', '0', '0', '0', '0', '']
2025-05-09 02:38:08,127 - INFO - Skipping row: Empty Miner SN - Row Data: ['lakecotest', 'AUTO', '', '174.235.214.108', 'Failure', 'Account expired', '', '0', '0', '2025/05/08 21:41:49', '0', '0', 'GET /AUTO HTTP/1.1 Host: rtk.geodnet.com User-Agent: NTRIP TPA Client/0.0.0 Authorization: Basic bGFrZWNvdGVzdDpsYWtlY290ZXN0 Connection: close', '', '0', '0', '0', '0', '']
2025-05-09 02:38:08,379 - INFO - Skipping row: Empty Miner SN - Row Data: ['lakecotest', 'AUTO', '', '174.235.214.108', 'Failure', 'Account expired', '', '0', '0', '2025/05/08 21:41:44', '0', '0', 'GET /AUTO HTTP/1.1 Host: rtk.geodnet.com User-Agent: NTRIP TPA Client/0.0.0 Authorization: Basic bGFrZWNvdGVzdDpsYWtlY290ZXN0 Connection: close', '', '0', '0', '0', '0', '']
2025-05-09 02:38:08,642 - INFO - Skipping row: Empty Miner SN - Row Data: ['lakecotest', 'AUTO', '', '174.235.214.108', 'Failure', 'Account expired', '', '0', '0', '2025/05/08 21:41:39', '0', '0', 'GET /AUTO HTTP/1.1 Host: rtk.geodnet.com User-Agent: NTRIP TPA Client/0.0.0 Authorization: Basic bGFrZWNvdGVzdDpsYWtlY290ZXN0 Connection: close', '', '0', '0', '0', '0', '']
2025-05-09 02:38:12,309 - INFO - Skipping row: Empty Miner SN - Row Data: ['lakner24', 'AUTO', 'Brad Stearns', '145.40.69.38', 'Successful', 'Success', '', '0', '0', '2025/05/08 19:37:59', '10', '0', 'GET /AUTO HTTP/1.1 Host:rtk.geodnet.com User-Agent: NTRIP Cloudbase/4.1.4_JD Accept:*/* Authorization: Basic bGFrbmVyMjQ6bGFrbmVyMjQ= Connection:close', '', '0', '0', '0', '0', 'Download']
2025-05-09 02:38:15,930 - INFO - No modal detected.
2025-05-09 02:38:16,057 - INFO - Navigating to page 28...
2025-05-09 02:38:16,060 - INFO - Scraping page 28...
2025-05-09 02:38:16,077 - INFO - Log table found.
2025-05-09 02:38:16,093 - INFO - Found 21 rows on page 28.
2025-05-09 02:38:16,609 - INFO - Skipping row: Empty Miner SN - Row Data: ['lakecotest', 'AUTO', '', '174.235.214.108', 'Successful', 'Success', 'A0B7651D9AD5', '4.06612', '68', '2025/05/08 19:21:17', '348', '100.00', 'GET /AUTO HTTP/1.1 Host:rtk.geodnet.com User-Agent: NTRIP Cloudbase/4.1.4_JD Accept:*/* Authorization: Basic bGFrbmVyMjQ6bGFrbmVyMjQ= Connection:close', '$GPGGA,192642.00,4430.8211,N,09845.0267,W,4,38,0.4,439.0,M,-25.9,M,2.0,0827*78', '0', '1', '67', '0', 'Download']
2025-05-09 02:38:28,134 - INFO - No modal detected.
2025-05-09 02:38:28,262 - INFO - Navigating to page 29...
2025-05-09 02:38:28,263 - INFO - Scraping page 29...
2025-05-09 02:38:28,280 - INFO - Log table found.
2025-05-09 02:38:28,298 - INFO - Found 21 rows on page 29.
2025-05-09 02:38:33,698 - INFO - Skipping row: Empty Miner SN - Row Data: ['truenavtest', 'AUTO', '', '216.224.124.66', 'Successful', 'Success', '', '0', '0', '2025/05/08 16:13:02', '27', '0', 'GET /AUTO HTTP/1.0 User-Agent: NTRIP SWMAPS_IOS/1.0.0 Authorization: Basic dHJ1ZW5hdnRlc3Q6dHJ1ZW5hdg== Accept: */* Connection: close', '', '0', '0', '0', '0', 'Download']
2025-05-09 02:38:33,906 - INFO - Skipping row: Empty Miner SN - Row Data: ['truenavtest', 'AUTO', '', '216.224.124.66', 'Successful', 'Success', '', '0', '0', '2025/05/08 16:12:27', '29', '0', 'GET /AUTO HTTP/1.0 User-Agent: NTRIP SWMAPS_IOS/1.0.0 Authorization: Basic dHJ1ZW5hdnRlc3Q6dHJ1ZW5hdg== Accept: */* Connection: close', '', '0', '0', '0', '0', 'Download']
2025-05-09 02:38:34,113 - INFO - Skipping row: Empty Miner SN - Row Data: ['truenavtest', 'AUTO', '', '216.224.124.66', 'Successful', 'Success', '', '0', '0', '2025/05/08 16:11:53', '29', '0', 'GET /AUTO HTTP/1.0 User-Agent: NTRIP SWMAPS_IOS/1.0.0 Authorization: Basic dHJ1ZW5hdnRlc3Q6dHJ1ZW5hdg== Accept: */* Connection: close', '', '0', '0', '0', '0', 'Download']
2025-05-09 02:38:35,942 - INFO - Skipping row: Empty Miner SN - Row Data: ['lakecotest', 'AUTO', '', '174.235.216.87', 'Failure', 'Account expired', '', '0', '0', '2025/05/08 15:48:27', '0', '0', 'GET /AUTO HTTP/1.1 Host: rtk.geodnet.com User-Agent: NTRIP TPA Client/0.0.0 Authorization: Basic bGFrZWNvdGVzdDpsYWtlY290ZXN0 Connection: close', '', '0', '0', '0', '0', '']
2025-05-09 02:38:36,178 - INFO - Skipping row: Empty Miner SN - Row Data: ['lakecotest', 'AUTO', '', '174.235.216.87', 'Failure', 'Account expired', '', '0', '0', '2025/05/08 15:48:22', '0', '0', 'GET /AUTO HTTP/1.1 Host: rtk.geodnet.com User-Agent: NTRIP TPA Client/0.0.0 Authorization: Basic bGFrZWNvdGVzdDpsYWtlY290ZXN0 Connection: close', '', '0', '0', '0', '0', '']
2025-05-09 02:38:36,426 - INFO - Skipping row: Empty Miner SN - Row Data: ['lakecotest', 'AUTO', '', '174.235.216.87', 'Failure', 'Account expired', '', '0', '0', '2025/05/08 15:48:17', '0', '0', 'GET /AUTO HTTP/1.1 Host: rtk.geodnet.com User-Agent: NTRIP TPA Client/0.0.0 Authorization: Basic bGFrZWNvdGVzdDpsYWtlY290ZXN0 Connection: close', '', '0', '0', '0', '0', '']
2025-05-09 02:38:36,671 - INFO - Skipping row: Empty Miner SN - Row Data: ['lakecotest', 'AUTO', '', '174.235.216.87', 'Failure', 'Account expired', '', '0', '0', '2025/05/08 15:48:12', '0', '0', 'GET /AUTO HTTP/1.1 Host: rtk.geodnet.com User-Agent: NTRIP TPA Client/0.0.0 Authorization: Basic bGFrZWNvdGVzdDpsYWtlY290ZXN0 Connection: close', '', '0', '0', '0', '0', '']
2025-05-09 02:38:38,775 - INFO - No modal detected.
2025-05-09 02:38:38,908 - INFO - Navigating to page 30...
2025-05-09 02:38:38,909 - INFO - Scraping page 30...
2025-05-09 02:38:38,925 - INFO - Log table found.
2025-05-09 02:38:38,943 - INFO - Found 21 rows on page 30.
2025-05-09 02:38:39,928 - INFO - file_cache is only supported with oauth2client<4.0.0
2025-05-09 02:38:42,917 - INFO - Appended 50 rows in batch
2025-05-09 02:38:53,249 - INFO - Skipping row: Empty Miner SN - Row Data: ['lakecotest', 'AUTO', '', '174.235.216.87', 'Failure', 'Account expired', '', '0', '0', '2025/05/08 15:48:02', '0', '0', 'GET /AUTO HTTP/1.1 Host: rtk.geodnet.com User-Agent: NTRIP TPA Client/0.0.0 Authorization: Basic bGFrZWNvdGVzdDpsYWtlY290ZXN0 Connection: close', '', '0', '0', '0', '0', '']
2025-05-09 02:38:53,589 - INFO - Skipping row: Empty Miner SN - Row Data: ['lakecotest', 'AUTO', '', '174.235.216.87', 'Failure', 'Account expired', '', '0', '0', '2025/05/08 15:47:57', '0', '0', 'GET /AUTO HTTP/1.1 Host: rtk.geodnet.com User-Agent: NTRIP TPA Client/0.0.0 Authorization: Basic bGFrZWNvdGVzdDpsYWtlY290ZXN0 Connection: close', '', '0', '0', '0', '0', '']
2025-05-09 02:38:53,921 - INFO - Skipping row: Empty Miner SN - Row Data: ['lakecotest', 'AUTO', '', '174.235.216.87', 'Failure', 'Account expired', '', '0', '0', '2025/05/08 15:47:52', '0', '0', 'GET /AUTO HTTP/1.1 Host: rtk.geodnet.com User-Agent: NTRIP TPA Client/0.0.0 Authorization: Basic bGFrZWNvdGVzdDpsYWtlY290ZXN0 Connection: close', '', '0', '0', '0', '0', '']
2025-05-09 02:38:54,194 - INFO - Skipping row: Empty Miner SN - Row Data: ['lakecotest', 'AUTO', '', '174.235.216.87', 'Failure', 'Account expired', '', '0', '0', '2025/05/08 15:47:47', '0', '0', 'GET /AUTO HTTP/1.1 Host: rtk.geodnet.com User-Agent: NTRIP TPA Client/0.0.0 Authorization: Basic bGFrZWNvdGVzdDpsYWtlY290ZXN0 Connection: close', '', '0', '0', '0', '0', '']
2025-05-09 02:38:54,442 - INFO - Skipping row: Empty Miner SN - Row Data: ['lakecotest', 'AUTO', '', '174.235.216.87', 'Failure', 'Account expired', '', '0', '0', '2025/05/08 15:47:42', '0', '0', 'GET /AUTO HTTP/1.1 Host: rtk.geodnet.com User-Agent: NTRIP TPA Client/0.0.0 Authorization: Basic bGFrZWNvdGVzdDpsYWtlY290ZXN0 Connection: close', '', '0', '0', '0', '0', '']
2025-05-09 02:38:54,678 - INFO - Skipping row: Empty Miner SN - Row Data: ['lakecotest', 'AUTO', '', '174.235.216.87', 'Failure', 'Account expired', '', '0', '0', '2025/05/08 15:47:37', '0', '0', 'GET /AUTO HTTP/1.1 Host: rtk.geodnet.com User-Agent: NTRIP TPA Client/0.0.0 Authorization: Basic bGFrZWNvdGVzdDpsYWtlY290ZXN0 Connection: close', '', '0', '0', '0', '0', '']
2025-05-09 02:38:54,920 - INFO - Skipping row: Empty Miner SN - Row Data: ['lakecotest', 'AUTO', '', '174.235.216.87', 'Failure', 'Account expired', '', '0', '0', '2025/05/08 15:47:32', '0', '0', 'GET /AUTO HTTP/1.1 Host: rtk.geodnet.com User-Agent: NTRIP TPA Client/0.0.0 Authorization: Basic bGFrZWNvdGVzdDpsYWtlY290ZXN0 Connection: close', '', '0', '0', '0', '0', '']
2025-05-09 02:38:55,196 - INFO - Skipping row: Empty Miner SN - Row Data: ['lakecotest', 'AUTO', '', '174.235.216.87', 'Failure', 'Account expired', '', '0', '0', '2025/05/08 15:47:27', '0', '0', 'GET /AUTO HTTP/1.1 Host: rtk.geodnet.com User-Agent: NTRIP TPA Client/0.0.0 Authorization: Basic bGFrZWNvdGVzdDpsYWtlY290ZXN0 Connection: close', '', '0', '0', '0', '0', '']
2025-05-09 02:38:55,415 - INFO - Skipping row: Empty Miner SN - Row Data: ['lakecotest', 'AUTO', '', '174.235.216.87', 'Failure', 'Account expired', '', '0', '0', '2025/05/08 15:47:22', '0', '0', 'GET /AUTO HTTP/1.1 Host: rtk.geodnet.com User-Agent: NTRIP TPA Client/0.0.0 Authorization: Basic bGFrZWNvdGVzdDpsYWtlY290ZXN0 Connection: close', '', '0', '0', '0', '0', '']
2025-05-09 02:38:55,620 - INFO - Skipping row: Empty Miner SN - Row Data: ['lakecotest', 'AUTO', '', '174.235.216.87', 'Failure', 'Account expired', '', '0', '0', '2025/05/08 15:47:17', '0', '0', 'GET /AUTO HTTP/1.1 Host: rtk.geodnet.com User-Agent: NTRIP TPA Client/0.0.0 Authorization: Basic bGFrZWNvdGVzdDpsYWtlY290ZXN0 Connection: close', '', '0', '0', '0', '0', '']
2025-05-09 02:38:55,888 - INFO - Skipping row: Empty Miner SN - Row Data: ['lakecotest', 'AUTO', '', '174.235.216.87', 'Failure', 'Account expired', '', '0', '0', '2025/05/08 15:47:12', '0', '0', 'GET /AUTO HTTP/1.1 Host: rtk.geodnet.com User-Agent: NTRIP TPA Client/0.0.0 Authorization: Basic bGFrZWNvdGVzdDpsYWtlY290ZXN0 Connection: close', '', '0', '0', '0', '0', '']
2025-05-09 02:38:56,149 - INFO - Skipping row: Empty Miner SN - Row Data: ['lakecotest', 'AUTO', '', '174.235.216.87', 'Failure', 'Account expired', '', '0', '0', '2025/05/08 15:47:07', '0', '0', 'GET /AUTO HTTP/1.1 Host: rtk.geodnet.com User-Agent: NTRIP TPA Client/0.0.0 Authorization: Basic bGFrZWNvdGVzdDpsYWtlY290ZXN0 Connection: close', '', '0', '0', '0', '0', '']
2025-05-09 02:38:56,368 - INFO - Skipping row: Empty Miner SN - Row Data: ['lakecotest', 'AUTO', '', '174.235.216.87', 'Failure', 'Account expired', '', '0', '0', '2025/05/08 15:47:02', '0', '0', 'GET /AUTO HTTP/1.1 Host: rtk.geodnet.com User-Agent: NTRIP TPA Client/0.0.0 Authorization: Basic bGFrZWNvdGVzdDpsYWtlY290ZXN0 Connection: close', '', '0', '0', '0', '0', '']
2025-05-09 02:38:56,558 - INFO - Skipping row: Empty Miner SN - Row Data: ['lakecotest', 'AUTO', '', '174.235.216.87', 'Failure', 'Account expired', '', '0', '0', '2025/05/08 15:46:57', '0', '0', 'GET /AUTO HTTP/1.1 Host: rtk.geodnet.com User-Agent: NTRIP TPA Client/0.0.0 Authorization: Basic bGFrZWNvdGVzdDpsYWtlY290ZXN0 Connection: close', '', '0', '0', '0', '0', '']
2025-05-09 02:38:56,755 - INFO - Skipping row: Empty Miner SN - Row Data: ['lakecotest', 'AUTO', '', '174.235.216.87', 'Failure', 'Account expired', '', '0', '0', '2025/05/08 15:46:52', '0', '0', 'GET /AUTO HTTP/1.1 Host: rtk.geodnet.com User-Agent: NTRIP TPA Client/0.0.0 Authorization: Basic bGFrZWNvdGVzdDpsYWtlY290ZXN0 Connection: close', '', '0', '0', '0', '0', '']
2025-05-09 02:38:56,965 - INFO - Skipping row: Empty Miner SN - Row Data: ['lakecotest', 'AUTO', '', '174.235.216.87', 'Failure', 'Account expired', '', '0', '0', '2025/05/08 15:46:47', '0', '0', 'GET /AUTO HTTP/1.1 Host: rtk.geodnet.com User-Agent: NTRIP TPA Client/0.0.0 Authorization: Basic bGFrZWNvdGVzdDpsYWtlY290ZXN0 Connection: close', '', '0', '0', '0', '0', '']
2025-05-09 02:38:57,156 - INFO - Skipping row: Empty Miner SN - Row Data: ['lakecotest', 'AUTO', '', '174.235.216.87', 'Failure', 'Account expired', '', '0', '0', '2025/05/08 15:46:42', '0', '0', 'GET /AUTO HTTP/1.1 Host: rtk.geodnet.com User-Agent: NTRIP TPA Client/0.0.0 Authorization: Basic bGFrZWNvdGVzdDpsYWtlY290ZXN0 Connection: close', '', '0', '0', '0', '0', '']
2025-05-09 02:38:57,417 - INFO - Skipping row: Empty Miner SN - Row Data: ['lakecotest', 'AUTO', '', '174.235.216.87', 'Failure', 'Account expired', '', '0', '0', '2025/05/08 15:46:37', '0', '0', 'GET /AUTO HTTP/1.1 Host: rtk.geodnet.com User-Agent: NTRIP TPA Client/0.0.0 Authorization: Basic bGFrZWNvdGVzdDpsYWtlY290ZXN0 Connection: close', '', '0', '0', '0', '0', '']
2025-05-09 02:38:57,722 - INFO - Skipping row: Empty Miner SN - Row Data: ['lakecotest', 'AUTO', '', '174.235.216.87', 'Failure', 'Account expired', '', '0', '0', '2025/05/08 15:46:32', '0', '0', 'GET /AUTO HTTP/1.1 Host: rtk.geodnet.com User-Agent: NTRIP TPA Client/0.0.0 Authorization: Basic bGFrZWNvdGVzdDpsYWtlY290ZXN0 Connection: close', '', '0', '0', '0', '0', '']
2025-05-09 02:38:59,882 - INFO - No modal detected.
2025-05-09 02:39:00,066 - INFO - Navigating to page 31...
2025-05-09 02:39:00,067 - INFO - Scraping page 31...
2025-05-09 02:39:00,090 - INFO - Log table found.
2025-05-09 02:39:00,114 - INFO - Found 21 rows on page 31.
2025-05-09 02:39:00,725 - INFO - Skipping row: Empty Miner SN - Row Data: ['lakecotest', 'AUTO', '', '174.235.216.87', 'Failure', 'Account expired', '', '0', '0', '2025/05/08 15:46:27', '0', '0', 'GET /AUTO HTTP/1.1 Host: rtk.geodnet.com User-Agent: NTRIP TPA Client/0.0.0 Authorization: Basic bGFrZWNvdGVzdDpsYWtlY290ZXN0 Connection: close', '', '0', '0', '0', '0', '']
2025-05-09 02:39:01,095 - INFO - Skipping row: Empty Miner SN - Row Data: ['lakecotest', 'AUTO', '', '174.235.216.87', 'Failure', 'Account expired', '', '0', '0', '2025/05/08 15:46:22', '0', '0', 'GET /AUTO HTTP/1.1 Host: rtk.geodnet.com User-Agent: NTRIP TPA Client/0.0.0 Authorization: Basic bGFrZWNvdGVzdDpsYWtlY290ZXN0 Connection: close', '', '0', '0', '0', '0', '']
2025-05-09 02:39:01,496 - INFO - Skipping row: Empty Miner SN - Row Data: ['lakecotest', 'AUTO', '', '174.235.216.87', 'Failure', 'Account expired', '', '0', '0', '2025/05/08 15:46:17', '0', '0', 'GET /AUTO HTTP/1.1 Host: rtk.geodnet.com User-Agent: NTRIP TPA Client/0.0.0 Authorization: Basic bGFrZWNvdGVzdDpsYWtlY290ZXN0 Connection: close', '', '0', '0', '0', '0', '']
2025-05-09 02:39:01,951 - INFO - Skipping row: Empty Miner SN - Row Data: ['lakecotest', 'AUTO', '', '174.235.216.87', 'Failure', 'Account expired', '', '0', '0', '2025/05/08 15:46:12', '0', '0', 'GET /AUTO HTTP/1.1 Host: rtk.geodnet.com User-Agent: NTRIP TPA Client/0.0.0 Authorization: Basic bGFrZWNvdGVzdDpsYWtlY290ZXN0 Connection: close', '', '0', '0', '0', '0', '']
2025-05-09 02:39:02,309 - INFO - Skipping row: Empty Miner SN - Row Data: ['lakecotest', 'AUTO', '', '174.235.216.87', 'Failure', 'Account expired', '', '0', '0', '2025/05/08 15:46:07', '0', '0', 'GET /AUTO HTTP/1.1 Host: rtk.geodnet.com User-Agent: NTRIP TPA Client/0.0.0 Authorization: Basic bGFrZWNvdGVzdDpsYWtlY290ZXN0 Connection: close', '', '0', '0', '0', '0', '']
2025-05-09 02:39:02,622 - INFO - Skipping row: Empty Miner SN - Row Data: ['lakecotest', 'AUTO', '', '174.235.216.87', 'Failure', 'Account expired', '', '0', '0', '2025/05/08 15:46:02', '0', '0', 'GET /AUTO HTTP/1.1 Host: rtk.geodnet.com User-Agent: NTRIP TPA Client/0.0.0 Authorization: Basic bGFrZWNvdGVzdDpsYWtlY290ZXN0 Connection: close', '', '0', '0', '0', '0', '']
2025-05-09 02:39:02,938 - INFO - Skipping row: Empty Miner SN - Row Data: ['lakecotest', 'AUTO', '', '174.235.216.87', 'Failure', 'Account expired', '', '0', '0', '2025/05/08 15:45:57', '0', '0', 'GET /AUTO HTTP/1.1 Host: rtk.geodnet.com User-Agent: NTRIP TPA Client/0.0.0 Authorization: Basic bGFrZWNvdGVzdDpsYWtlY290ZXN0 Connection: close', '', '0', '0', '0', '0', '']
2025-05-09 02:39:05,728 - INFO - Skipping row: Empty Miner SN - Row Data: ['garyhaak', 'auto', 'Jon Lickiss', '174.235.214.163', 'Successful', 'Success', '', '0', '0', '2025/05/08 13:20:54', '26', '0', 'GET /auto HTTP/1.0 Host: rtk.geodnet.com:2101 User-Agent: NTRIP TnlAgClient/1.0 Accept: */* Authorization: Basic Z2FyeWhhYWs6Z2FyeWhhYWs=', '', '0', '0', '0', '0', 'Download']
2025-05-09 02:39:06,054 - INFO - Skipping row: Empty Miner SN - Row Data: ['garyhaak', 'auto', 'Jon Lickiss', '174.235.214.163', 'Successful', 'Success', '', '0', '0', '2025/05/08 13:20:28', '25', '0', 'GET /auto HTTP/1.0 Host: rtk.geodnet.com:2101 User-Agent: NTRIP TnlAgClient/1.0 Accept: */* Authorization: Basic Z2FyeWhhYWs6Z2FyeWhhYWs=', '', '0', '0', '0', '0', 'Download']
2025-05-09 02:39:06,317 - INFO - Skipping row: Empty Miner SN - Row Data: ['garyhaak', 'auto', 'Jon Lickiss', '174.235.214.163', 'Successful', 'Success', '', '0', '0', '2025/05/08 13:20:02', '25', '0', 'GET /auto HTTP/1.0 Host: rtk.geodnet.com:2101 User-Agent: NTRIP TnlAgClient/1.0 Accept: */* Authorization: Basic Z2FyeWhhYWs6Z2FyeWhhYWs=', '', '0', '0', '0', '0', 'Download']
2025-05-09 02:39:10,288 - INFO - No modal detected.
2025-05-09 02:39:10,424 - INFO - Navigating to page 32...
2025-05-09 02:39:10,425 - INFO - Scraping page 32...
2025-05-09 02:39:10,445 - INFO - Log table found.
2025-05-09 02:39:10,462 - INFO - Found 21 rows on page 32.
2025-05-09 02:39:10,982 - INFO - Skipping row: Empty Miner SN - Row Data: ['lakecotest', 'AUTO', '', '174.235.216.87', 'Failure', 'Account expired', 'C05D89AE4C99', '0.42824', '1', '2025/05/08 11:49:14', '10', '0.00', 'GET /AUTO HTTP/1.1 Host:rtk.geodnet.com User-Agent: NTRIP Cloudbase/4.1.4_JD Accept:*/* Authorization: Basic ZHlrc3RyYXJ0azpydGtkeWtzdHJh Connection:close', '$GPGGA,114902.00,4326.7200,N,09658.1029,W,2,12,1.1,449.1,M,-27.7,M,4.0,0133*73', '0', '1', '0', '0', 'Download']
2025-05-09 02:39:11,338 - INFO - Skipping row: Empty Miner SN - Row Data: ['dykstrartk', 'AUTO', 'Blake', '174.235.209.224', 'Successful', 'Success', '', '0', '2', '2025/05/08 11:48:49', '14', '0.00', 'GET /AUTO HTTP/1.1 Host:rtk.geodnet.com User-Agent: NTRIP Cloudbase/4.1.4_JD Accept:*/* Authorization: Basic ZHlrc3RyYXJ0azpydGtkeWtzdHJh Connection:close', '$GPGGA,114842.00,,,,,0,,,,M,,M,,*42', '0', '0', '0', '0', 'Download']
2025-05-09 02:39:11,700 - INFO - Duplicate row found (ID: lakner24_2025/05/08 03:09:44_392)
2025-05-09 02:39:11,768 - INFO - file_cache is only supported with oauth2client<4.0.0
2025-05-09 02:39:12,998 - INFO - Appended 10 rows in batch
2025-05-09 02:39:23,018 - INFO - Scraped 60 rows in 290.33 seconds
2025-05-09 02:39:23,030 - INFO - Outside 6:00 AM to 8:00 PM - Sleeping for 1260 seconds
2025-05-09 03:00:33,403 - INFO - Starting script...
2025-05-09 03:00:33,405 - INFO - Running script at 2025-05-09 03:00:33.405818
2025-05-09 03:00:33,406 - INFO - ChromeDriver found at /usr/bin/chromedriver
2025-05-09 03:00:35,850 - INFO - Loaded 147 processed rows
2025-05-09 03:00:35,872 - INFO - Cleaned processed rows, retained 147 entries
2025-05-09 03:00:35,907 - INFO - Loaded 147 processed rows
2025-05-09 03:00:41,001 - INFO - Navigating to login page...
2025-05-09 03:00:46,361 - INFO - No modal detected.
2025-05-09 03:00:46,390 - INFO - Username field found.
2025-05-09 03:00:46,983 - INFO - Logging in...
2025-05-09 03:00:47,776 - INFO - Navigating to log page...
2025-05-09 03:00:49,622 - INFO - Table headers: ['username', 'mountpoint', 'partner', 'ip', 'status', 'message', 'station', 'distance(km)', 'no. of gga', 'sign in time (gps time)', 'session_time(s)', 'rtk_fix_rate(%)', 'request', 'latest_nmea', 'no. of sp', 'no. of dgps', 'no. of fix', 'no. of float', 'operations']
2025-05-09 03:00:49,622 - INFO - Scraping page 1...
2025-05-09 03:00:49,635 - INFO - Log table found.
2025-05-09 03:00:49,656 - INFO - Found 21 rows on page 1.
2025-05-09 03:00:50,028 - INFO - Scraped GGA for row ID Vaksdal_2025/05/08 23:54:15_11072: 
2025-05-09 03:00:50,029 - INFO - Scraped timestamp for row ID Vaksdal_2025/05/08 23:54:15_11072: 2025/05/08 23:54:15
2025-05-09 03:00:50,365 - INFO - Scraped GGA for row ID abertk_2025/05/08 23:37:57_337: 
2025-05-09 03:00:50,366 - INFO - Scraped timestamp for row ID abertk_2025/05/08 23:37:57_337: 2025/05/08 23:37:57
2025-05-09 03:00:50,689 - INFO - Scraped GGA for row ID lakner24_2025/05/08 22:55:03_3801: 
2025-05-09 03:00:50,690 - INFO - Scraped timestamp for row ID lakner24_2025/05/08 22:55:03_3801: 2025/05/08 22:55:03
2025-05-09 03:00:51,056 - INFO - Scraped GGA for row ID abertk_2025/05/08 22:41:16_3056: 
2025-05-09 03:00:51,057 - INFO - Scraped timestamp for row ID abertk_2025/05/08 22:41:16_3056: 2025/05/08 22:41:16
2025-05-09 03:00:51,387 - INFO - Skipping row: Empty Miner SN - Row Data: ['lakecotest', 'AUTO', '', '174.235.214.108', 'Failure', 'Account expired', '', '0', '0', '2025/05/08 22:24:54', '0', '0', 'GET /AUTO HTTP/1.1 Host: rtk.geodnet.com User-Agent: NTRIP TPA Client/0.0.0 Authorization: Basic bGFrZWNvdGVzdDpsYWtlY290ZXN0 Connection: close', '', '0', '0', '0', '0', '']
2025-05-09 03:00:51,791 - INFO - Skipping row: Empty Miner SN - Row Data: ['lakecotest', 'AUTO', '', '174.235.214.108', 'Failure', 'Account expired', '', '0', '0', '2025/05/08 22:24:49', '0', '0', 'GET /AUTO HTTP/1.1 Host: rtk.geodnet.com User-Agent: NTRIP TPA Client/0.0.0 Authorization: Basic bGFrZWNvdGVzdDpsYWtlY290ZXN0 Connection: close', '', '0', '0', '0', '0', '']
2025-05-09 03:00:52,101 - INFO - Skipping row: Empty Miner SN - Row Data: ['lakecotest', 'AUTO', '', '174.235.214.108', 'Failure', 'Account expired', '', '0', '0', '2025/05/08 22:24:44', '0', '0', 'GET /AUTO HTTP/1.1 Host: rtk.geodnet.com User-Agent: NTRIP TPA Client/0.0.0 Authorization: Basic bGFrZWNvdGVzdDpsYWtlY290ZXN0 Connection: close', '', '0', '0', '0', '0', '']
2025-05-09 03:00:52,439 - INFO - Skipping row: Empty Miner SN - Row Data: ['lakecotest', 'AUTO', '', '174.235.214.108', 'Failure', 'Account expired', '', '0', '0', '2025/05/08 22:24:39', '0', '0', 'GET /AUTO HTTP/1.1 Host: rtk.geodnet.com User-Agent: NTRIP TPA Client/0.0.0 Authorization: Basic bGFrZWNvdGVzdDpsYWtlY290ZXN0 Connection: close', '', '0', '0', '0', '0', '']
2025-05-09 03:00:52,747 - INFO - Skipping row: Empty Miner SN - Row Data: ['lakecotest', 'AUTO', '', '174.235.214.108', 'Failure', 'Account expired', '', '0', '0', '2025/05/08 22:24:33', '0', '0', 'GET /AUTO HTTP/1.1 Host: rtk.geodnet.com User-Agent: NTRIP TPA Client/0.0.0 Authorization: Basic bGFrZWNvdGVzdDpsYWtlY290ZXN0 Connection: close', '', '0', '0', '0', '0', '']
2025-05-09 03:00:53,118 - INFO - Skipping row: Empty Miner SN - Row Data: ['lakecotest', 'AUTO', '', '174.235.214.108', 'Failure', 'Account expired', '', '0', '0', '2025/05/08 22:24:28', '0', '0', 'GET /AUTO HTTP/1.1 Host: rtk.geodnet.com User-Agent: NTRIP TPA Client/0.0.0 Authorization: Basic bGFrZWNvdGVzdDpsYWtlY290ZXN0 Connection: close', '', '0', '0', '0', '0', '']
2025-05-09 03:00:53,408 - INFO - Skipping row: Empty Miner SN - Row Data: ['lakecotest', 'AUTO', '', '174.235.214.108', 'Failure', 'Account expired', '', '0', '0', '2025/05/08 22:24:23', '0', '0', 'GET /AUTO HTTP/1.1 Host: rtk.geodnet.com User-Agent: NTRIP TPA Client/0.0.0 Authorization: Basic bGFrZWNvdGVzdDpsYWtlY290ZXN0 Connection: close', '', '0', '0', '0', '0', '']
2025-05-09 03:00:53,696 - INFO - Skipping row: Empty Miner SN - Row Data: ['lakecotest', 'AUTO', '', '174.235.214.108', 'Failure', 'Account expired', '', '0', '0', '2025/05/08 22:24:18', '0', '0', 'GET /AUTO HTTP/1.1 Host: rtk.geodnet.com User-Agent: NTRIP TPA Client/0.0.0 Authorization: Basic bGFrZWNvdGVzdDpsYWtlY290ZXN0 Connection: close', '', '0', '0', '0', '0', '']
2025-05-09 03:00:54,001 - INFO - Skipping row: Empty Miner SN - Row Data: ['lakecotest', 'AUTO', '', '174.235.214.108', 'Failure', 'Account expired', '', '0', '0', '2025/05/08 22:24:14', '0', '0', 'GET /AUTO HTTP/1.1 Host: rtk.geodnet.com User-Agent: NTRIP TPA Client/0.0.0 Authorization: Basic bGFrZWNvdGVzdDpsYWtlY290ZXN0 Connection: close', '', '0', '0', '0', '0', '']
2025-05-09 03:00:54,293 - INFO - Skipping row: Empty Miner SN - Row Data: ['lakecotest', 'AUTO', '', '174.235.214.108', 'Failure', 'Account expired', '', '0', '0', '2025/05/08 22:24:09', '0', '0', 'GET /AUTO HTTP/1.1 Host: rtk.geodnet.com User-Agent: NTRIP TPA Client/0.0.0 Authorization: Basic bGFrZWNvdGVzdDpsYWtlY290ZXN0 Connection: close', '', '0', '0', '0', '0', '']
2025-05-09 03:00:54,597 - INFO - Skipping row: Empty Miner SN - Row Data: ['lakecotest', 'AUTO', '', '174.235.214.108', 'Failure', 'Account expired', '', '0', '0', '2025/05/08 22:24:03', '0', '0', 'GET /AUTO HTTP/1.1 Host: rtk.geodnet.com User-Agent: NTRIP TPA Client/0.0.0 Authorization: Basic bGFrZWNvdGVzdDpsYWtlY290ZXN0 Connection: close', '', '0', '0', '0', '0', '']
2025-05-09 03:00:54,975 - INFO - Skipping row: Empty Miner SN - Row Data: ['lakecotest', 'AUTO', '', '174.235.214.108', 'Failure', 'Account expired', '', '0', '0', '2025/05/08 22:23:58', '0', '0', 'GET /AUTO HTTP/1.1 Host: rtk.geodnet.com User-Agent: NTRIP TPA Client/0.0.0 Authorization: Basic bGFrZWNvdGVzdDpsYWtlY290ZXN0 Connection: close', '', '0', '0', '0', '0', '']
2025-05-09 03:00:55,262 - INFO - Skipping row: Empty Miner SN - Row Data: ['lakecotest', 'AUTO', '', '174.235.214.108', 'Failure', 'Account expired', '', '0', '0', '2025/05/08 22:23:54', '0', '0', 'GET /AUTO HTTP/1.1 Host: rtk.geodnet.com User-Agent: NTRIP TPA Client/0.0.0 Authorization: Basic bGFrZWNvdGVzdDpsYWtlY290ZXN0 Connection: close', '', '0', '0', '0', '0', '']
2025-05-09 03:00:55,561 - INFO - Skipping row: Empty Miner SN - Row Data: ['lakecotest', 'AUTO', '', '174.235.214.108', 'Failure', 'Account expired', '', '0', '0', '2025/05/08 22:23:49', '0', '0', 'GET /AUTO HTTP/1.1 Host: rtk.geodnet.com User-Agent: NTRIP TPA Client/0.0.0 Authorization: Basic bGFrZWNvdGVzdDpsYWtlY290ZXN0 Connection: close', '', '0', '0', '0', '0', '']
2025-05-09 03:00:55,853 - INFO - Skipping row: Empty Miner SN - Row Data: ['lakecotest', 'AUTO', '', '174.235.214.108', 'Failure', 'Account expired', '', '0', '0', '2025/05/08 22:23:44', '0', '0', 'GET /AUTO HTTP/1.1 Host: rtk.geodnet.com User-Agent: NTRIP TPA Client/0.0.0 Authorization: Basic bGFrZWNvdGVzdDpsYWtlY290ZXN0 Connection: close', '', '0', '0', '0', '0', '']
2025-05-09 03:00:56,168 - INFO - Skipping row: Empty Miner SN - Row Data: ['lakecotest', 'AUTO', '', '174.235.214.108', 'Failure', 'Account expired', '', '0', '0', '2025/05/08 22:23:38', '0', '0', 'GET /AUTO HTTP/1.1 Host: rtk.geodnet.com User-Agent: NTRIP TPA Client/0.0.0 Authorization: Basic bGFrZWNvdGVzdDpsYWtlY290ZXN0 Connection: close', '', '0', '0', '0', '0', '']
2025-05-09 03:00:58,306 - INFO - No modal detected.
2025-05-09 03:00:58,417 - INFO - Navigating to page 2...
2025-05-09 03:00:58,417 - INFO - Scraping page 2...
2025-05-09 03:00:58,435 - INFO - Log table found.
2025-05-09 03:00:58,449 - INFO - Found 21 rows on page 2.
2025-05-09 03:00:58,885 - INFO - Skipping row: Empty Miner SN - Row Data: ['Vaksdal', 'PRSRTCM3', 'Jon Lickiss', '174.215.242.65', 'Successful', 'Success', '', '0', '0', '2025/05/08 22:23:33', '0', '0', 'GET /AUTO HTTP/1.1 Host: rtk.geodnet.com User-Agent: NTRIP TPA Client/0.0.0 Authorization: Basic bGFrZWNvdGVzdDpsYWtlY290ZXN0 Connection: close', '', '0', '0', '0', '0', '']
2025-05-09 03:00:59,179 - INFO - Skipping row: Empty Miner SN - Row Data: ['lakecotest', 'AUTO', '', '174.235.214.108', 'Failure', 'Account expired', '', '0', '0', '2025/05/08 22:23:28', '0', '0', 'GET /AUTO HTTP/1.1 Host: rtk.geodnet.com User-Agent: NTRIP TPA Client/0.0.0 Authorization: Basic bGFrZWNvdGVzdDpsYWtlY290ZXN0 Connection: close', '', '0', '0', '0', '0', '']
2025-05-09 03:00:59,473 - INFO - Skipping row: Empty Miner SN - Row Data: ['lakecotest', 'AUTO', '', '174.235.214.108', 'Failure', 'Account expired', '', '0', '0', '2025/05/08 22:23:24', '0', '0', 'GET /AUTO HTTP/1.1 Host: rtk.geodnet.com User-Agent: NTRIP TPA Client/0.0.0 Authorization: Basic bGFrZWNvdGVzdDpsYWtlY290ZXN0 Connection: close', '', '0', '0', '0', '0', '']
2025-05-09 03:00:59,775 - INFO - Skipping row: Empty Miner SN - Row Data: ['lakecotest', 'AUTO', '', '174.235.214.108', 'Failure', 'Account expired', '', '0', '0', '2025/05/08 22:23:18', '0', '0', 'GET /AUTO HTTP/1.1 Host: rtk.geodnet.com User-Agent: NTRIP TPA Client/0.0.0 Authorization: Basic bGFrZWNvdGVzdDpsYWtlY290ZXN0 Connection: close', '', '0', '0', '0', '0', '']
2025-05-09 03:01:00,139 - INFO - Skipping row: Empty Miner SN - Row Data: ['lakecotest', 'AUTO', '', '174.235.214.108', 'Failure', 'Account expired', '', '0', '0', '2025/05/08 22:23:13', '0', '0', 'GET /AUTO HTTP/1.1 Host: rtk.geodnet.com User-Agent: NTRIP TPA Client/0.0.0 Authorization: Basic bGFrZWNvdGVzdDpsYWtlY290ZXN0 Connection: close', '', '0', '0', '0', '0', '']
2025-05-09 03:01:00,467 - INFO - Skipping row: Empty Miner SN - Row Data: ['lakecotest', 'AUTO', '', '174.235.214.108', 'Failure', 'Account expired', '', '0', '0', '2025/05/08 22:23:08', '0', '0', 'GET /AUTO HTTP/1.1 Host: rtk.geodnet.com User-Agent: NTRIP TPA Client/0.0.0 Authorization: Basic bGFrZWNvdGVzdDpsYWtlY290ZXN0 Connection: close', '', '0', '0', '0', '0', '']
2025-05-09 03:01:00,742 - INFO - Skipping row: Empty Miner SN - Row Data: ['lakecotest', 'AUTO', '', '174.235.214.108', 'Failure', 'Account expired', '', '0', '0', '2025/05/08 22:23:03', '0', '0', 'GET /AUTO HTTP/1.1 Host: rtk.geodnet.com User-Agent: NTRIP TPA Client/0.0.0 Authorization: Basic bGFrZWNvdGVzdDpsYWtlY290ZXN0 Connection: close', '', '0', '0', '0', '0', '']
2025-05-09 03:01:01,020 - INFO - Skipping row: Empty Miner SN - Row Data: ['lakecotest', 'AUTO', '', '174.235.214.108', 'Failure', 'Account expired', '', '0', '0', '2025/05/08 22:22:58', '0', '0', 'GET /AUTO HTTP/1.1 Host: rtk.geodnet.com User-Agent: NTRIP TPA Client/0.0.0 Authorization: Basic bGFrZWNvdGVzdDpsYWtlY290ZXN0 Connection: close', '', '0', '0', '0', '0', '']
2025-05-09 03:01:01,298 - INFO - Skipping row: Empty Miner SN - Row Data: ['lakecotest', 'AUTO', '', '174.235.214.108', 'Failure', 'Account expired', '', '0', '0', '2025/05/08 22:22:53', '0', '0', 'GET /AUTO HTTP/1.1 Host: rtk.geodnet.com User-Agent: NTRIP TPA Client/0.0.0 Authorization: Basic bGFrZWNvdGVzdDpsYWtlY290ZXN0 Connection: close', '', '0', '0', '0', '0', '']
2025-05-09 03:01:01,812 - INFO - Skipping row: Empty Miner SN - Row Data: ['lakecotest', 'AUTO', '', '174.235.214.108', 'Failure', 'Account expired', '', '0', '0', '2025/05/08 22:22:48', '0', '0', 'GET /AUTO HTTP/1.1 Host: rtk.geodnet.com User-Agent: NTRIP TPA Client/0.0.0 Authorization: Basic bGFrZWNvdGVzdDpsYWtlY290ZXN0 Connection: close', '', '0', '0', '0', '0', '']
2025-05-09 03:01:02,127 - INFO - Skipping row: Empty Miner SN - Row Data: ['lakecotest', 'AUTO', '', '174.235.214.108', 'Failure', 'Account expired', '', '0', '0', '2025/05/08 22:22:43', '0', '0', 'GET /AUTO HTTP/1.1 Host: rtk.geodnet.com User-Agent: NTRIP TPA Client/0.0.0 Authorization: Basic bGFrZWNvdGVzdDpsYWtlY290ZXN0 Connection: close', '', '0', '0', '0', '0', '']
2025-05-09 03:01:02,477 - INFO - Skipping row: Empty Miner SN - Row Data: ['lakecotest', 'AUTO', '', '174.235.214.108', 'Failure', 'Account expired', '', '0', '0', '2025/05/08 22:22:38', '0', '0', 'GET /AUTO HTTP/1.1 Host: rtk.geodnet.com User-Agent: NTRIP TPA Client/0.0.0 Authorization: Basic bGFrZWNvdGVzdDpsYWtlY290ZXN0 Connection: close', '', '0', '0', '0', '0', '']
2025-05-09 03:01:02,754 - INFO - Skipping row: Empty Miner SN - Row Data: ['lakecotest', 'AUTO', '', '174.235.214.108', 'Failure', 'Account expired', '', '0', '0', '2025/05/08 22:22:33', '0', '0', 'GET /AUTO HTTP/1.1 Host: rtk.geodnet.com User-Agent: NTRIP TPA Client/0.0.0 Authorization: Basic bGFrZWNvdGVzdDpsYWtlY290ZXN0 Connection: close', '', '0', '0', '0', '0', '']
2025-05-09 03:01:03,010 - INFO - Skipping row: Empty Miner SN - Row Data: ['lakecotest', 'AUTO', '', '174.235.214.108', 'Failure', 'Account expired', '', '0', '0', '2025/05/08 22:22:28', '0', '0', 'GET /AUTO HTTP/1.1 Host: rtk.geodnet.com User-Agent: NTRIP TPA Client/0.0.0 Authorization: Basic bGFrZWNvdGVzdDpsYWtlY290ZXN0 Connection: close', '', '0', '0', '0', '0', '']
2025-05-09 03:01:03,249 - INFO - Skipping row: Empty Miner SN - Row Data: ['lakecotest', 'AUTO', '', '174.235.214.108', 'Failure', 'Account expired', '', '0', '0', '2025/05/08 22:22:23', '0', '0', 'GET /AUTO HTTP/1.1 Host: rtk.geodnet.com User-Agent: NTRIP TPA Client/0.0.0 Authorization: Basic bGFrZWNvdGVzdDpsYWtlY290ZXN0 Connection: close', '', '0', '0', '0', '0', '']
2025-05-09 03:01:03,497 - INFO - Skipping row: Empty Miner SN - Row Data: ['lakecotest', 'AUTO', '', '174.235.214.108', 'Failure', 'Account expired', '', '0', '0', '2025/05/08 22:22:19', '0', '0', 'GET /AUTO HTTP/1.1 Host: rtk.geodnet.com User-Agent: NTRIP TPA Client/0.0.0 Authorization: Basic bGFrZWNvdGVzdDpsYWtlY290ZXN0 Connection: close', '', '0', '0', '0', '0', '']
2025-05-09 03:01:03,726 - INFO - Skipping row: Empty Miner SN - Row Data: ['lakecotest', 'AUTO', '', '174.235.214.108', 'Failure', 'Account expired', '', '0', '0', '2025/05/08 22:22:13', '0', '0', 'GET /AUTO HTTP/1.1 Host: rtk.geodnet.com User-Agent: NTRIP TPA Client/0.0.0 Authorization: Basic bGFrZWNvdGVzdDpsYWtlY290ZXN0 Connection: close', '', '0', '0', '0', '0', '']
2025-05-09 03:01:03,965 - INFO - Skipping row: Empty Miner SN - Row Data: ['lakecotest', 'AUTO', '', '174.235.214.108', 'Failure', 'Account expired', '', '0', '0', '2025/05/08 22:22:08', '0', '0', 'GET /AUTO HTTP/1.1 Host: rtk.geodnet.com User-Agent: NTRIP TPA Client/0.0.0 Authorization: Basic bGFrZWNvdGVzdDpsYWtlY290ZXN0 Connection: close', '', '0', '0', '0', '0', '']
2025-05-09 03:01:04,196 - INFO - Skipping row: Empty Miner SN - Row Data: ['lakecotest', 'AUTO', '', '174.235.214.108', 'Failure', 'Account expired', '', '0', '0', '2025/05/08 22:22:03', '0', '0', 'GET /AUTO HTTP/1.1 Host: rtk.geodnet.com User-Agent: NTRIP TPA Client/0.0.0 Authorization: Basic bGFrZWNvdGVzdDpsYWtlY290ZXN0 Connection: close', '', '0', '0', '0', '0', '']
2025-05-09 03:01:04,462 - INFO - Skipping row: Empty Miner SN - Row Data: ['lakecotest', 'AUTO', '', '174.235.214.108', 'Failure', 'Account expired', '', '0', '0', '2025/05/08 22:21:58', '0', '0', 'GET /AUTO HTTP/1.1 Host: rtk.geodnet.com User-Agent: NTRIP TPA Client/0.0.0 Authorization: Basic bGFrZWNvdGVzdDpsYWtlY290ZXN0 Connection: close', '', '0', '0', '0', '0', '']
2025-05-09 03:01:06,568 - INFO - No modal detected.
2025-05-09 03:01:06,684 - INFO - Navigating to page 3...
2025-05-09 03:01:06,685 - INFO - Scraping page 3...
2025-05-09 03:01:06,698 - INFO - Log table found.
2025-05-09 03:01:06,714 - INFO - Found 21 rows on page 3.
2025-05-09 03:01:07,072 - INFO - Skipping row: Empty Miner SN - Row Data: ['lakecotest', 'AUTO', '', '174.235.214.108', 'Failure', 'Account expired', '', '0', '0', '2025/05/08 22:21:53', '0', '0', 'GET /AUTO HTTP/1.1 Host: rtk.geodnet.com User-Agent: NTRIP TPA Client/0.0.0 Authorization: Basic bGFrZWNvdGVzdDpsYWtlY290ZXN0 Connection: close', '', '0', '0', '0', '0', '']
2025-05-09 03:01:07,357 - INFO - Skipping row: Empty Miner SN - Row Data: ['lakecotest', 'AUTO', '', '174.235.214.108', 'Failure', 'Account expired', '', '0', '0', '2025/05/08 22:21:48', '0', '0', 'GET /AUTO HTTP/1.1 Host: rtk.geodnet.com User-Agent: NTRIP TPA Client/0.0.0 Authorization: Basic bGFrZWNvdGVzdDpsYWtlY290ZXN0 Connection: close', '', '0', '0', '0', '0', '']
2025-05-09 03:01:07,611 - INFO - Skipping row: Empty Miner SN - Row Data: ['lakecotest', 'AUTO', '', '174.235.214.108', 'Failure', 'Account expired', '', '0', '0', '2025/05/08 22:21:43', '0', '0', 'GET /AUTO HTTP/1.1 Host: rtk.geodnet.com User-Agent: NTRIP TPA Client/0.0.0 Authorization: Basic bGFrZWNvdGVzdDpsYWtlY290ZXN0 Connection: close', '', '0', '0', '0', '0', '']
2025-05-09 03:01:07,858 - INFO - Skipping row: Empty Miner SN - Row Data: ['lakecotest', 'AUTO', '', '174.235.214.108', 'Failure', 'Account expired', '', '0', '0', '2025/05/08 22:21:38', '0', '0', 'GET /AUTO HTTP/1.1 Host: rtk.geodnet.com User-Agent: NTRIP TPA Client/0.0.0 Authorization: Basic bGFrZWNvdGVzdDpsYWtlY290ZXN0 Connection: close', '', '0', '0', '0', '0', '']
2025-05-09 03:01:08,111 - INFO - Skipping row: Empty Miner SN - Row Data: ['lakecotest', 'AUTO', '', '174.235.214.108', 'Failure', 'Account expired', '', '0', '0', '2025/05/08 22:21:33', '0', '0', 'GET /AUTO HTTP/1.1 Host: rtk.geodnet.com User-Agent: NTRIP TPA Client/0.0.0 Authorization: Basic bGFrZWNvdGVzdDpsYWtlY290ZXN0 Connection: close', '', '0', '0', '0', '0', '']
2025-05-09 03:01:08,315 - INFO - Skipping row: Empty Miner SN - Row Data: ['lakecotest', 'AUTO', '', '174.235.214.108', 'Failure', 'Account expired', '', '0', '0', '2025/05/08 22:21:28', '0', '0', 'GET /AUTO HTTP/1.1 Host: rtk.geodnet.com User-Agent: NTRIP TPA Client/0.0.0 Authorization: Basic bGFrZWNvdGVzdDpsYWtlY290ZXN0 Connection: close', '', '0', '0', '0', '0', '']
2025-05-09 03:01:08,532 - INFO - Skipping row: Empty Miner SN - Row Data: ['lakecotest', 'AUTO', '', '174.235.214.108', 'Failure', 'Account expired', '', '0', '0', '2025/05/08 22:21:23', '0', '0', 'GET /AUTO HTTP/1.1 Host: rtk.geodnet.com User-Agent: NTRIP TPA Client/0.0.0 Authorization: Basic bGFrZWNvdGVzdDpsYWtlY290ZXN0 Connection: close', '', '0', '0', '0', '0', '']
2025-05-09 03:01:08,778 - INFO - Skipping row: Empty Miner SN - Row Data: ['lakecotest', 'AUTO', '', '174.235.214.108', 'Failure', 'Account expired', '', '0', '0', '2025/05/08 22:21:18', '0', '0', 'GET /AUTO HTTP/1.1 Host: rtk.geodnet.com User-Agent: NTRIP TPA Client/0.0.0 Authorization: Basic bGFrZWNvdGVzdDpsYWtlY290ZXN0 Connection: close', '', '0', '0', '0', '0', '']
2025-05-09 03:01:08,992 - INFO - Skipping row: Empty Miner SN - Row Data: ['lakecotest', 'AUTO', '', '174.235.214.108', 'Failure', 'Account expired', '', '0', '0', '2025/05/08 22:21:13', '0', '0', 'GET /AUTO HTTP/1.1 Host: rtk.geodnet.com User-Agent: NTRIP TPA Client/0.0.0 Authorization: Basic bGFrZWNvdGVzdDpsYWtlY290ZXN0 Connection: close', '', '0', '0', '0', '0', '']
2025-05-09 03:01:09,198 - INFO - Skipping row: Empty Miner SN - Row Data: ['lakecotest', 'AUTO', '', '174.235.214.108', 'Failure', 'Account expired', '', '0', '0', '2025/05/08 22:21:08', '0', '0', 'GET /AUTO HTTP/1.1 Host: rtk.geodnet.com User-Agent: NTRIP TPA Client/0.0.0 Authorization: Basic bGFrZWNvdGVzdDpsYWtlY290ZXN0 Connection: close', '', '0', '0', '0', '0', '']
2025-05-09 03:01:09,400 - INFO - Skipping row: Empty Miner SN - Row Data: ['lakecotest', 'AUTO', '', '174.235.214.108', 'Failure', 'Account expired', '', '0', '0', '2025/05/08 22:21:03', '0', '0', 'GET /AUTO HTTP/1.1 Host: rtk.geodnet.com User-Agent: NTRIP TPA Client/0.0.0 Authorization: Basic bGFrZWNvdGVzdDpsYWtlY290ZXN0 Connection: close', '', '0', '0', '0', '0', '']
2025-05-09 03:01:09,613 - INFO - Skipping row: Empty Miner SN - Row Data: ['lakecotest', 'AUTO', '', '174.235.214.108', 'Failure', 'Account expired', '', '0', '0', '2025/05/08 22:20:58', '0', '0', 'GET /AUTO HTTP/1.1 Host: rtk.geodnet.com User-Agent: NTRIP TPA Client/0.0.0 Authorization: Basic bGFrZWNvdGVzdDpsYWtlY290ZXN0 Connection: close', '', '0', '0', '0', '0', '']
2025-05-09 03:01:09,852 - INFO - Skipping row: Empty Miner SN - Row Data: ['lakecotest', 'AUTO', '', '174.235.214.108', 'Failure', 'Account expired', '', '0', '0', '2025/05/08 22:20:53', '0', '0', 'GET /AUTO HTTP/1.1 Host: rtk.geodnet.com User-Agent: NTRIP TPA Client/0.0.0 Authorization: Basic bGFrZWNvdGVzdDpsYWtlY290ZXN0 Connection: close', '', '0', '0', '0', '0', '']
2025-05-09 03:01:10,117 - INFO - Skipping row: Empty Miner SN - Row Data: ['lakecotest', 'AUTO', '', '174.235.214.108', 'Failure', 'Account expired', '', '0', '0', '2025/05/08 22:20:48', '0', '0', 'GET /AUTO HTTP/1.1 Host: rtk.geodnet.com User-Agent: NTRIP TPA Client/0.0.0 Authorization: Basic bGFrZWNvdGVzdDpsYWtlY290ZXN0 Connection: close', '', '0', '0', '0', '0', '']
2025-05-09 03:01:10,364 - INFO - Skipping row: Empty Miner SN - Row Data: ['lakecotest', 'AUTO', '', '174.235.214.108', 'Failure', 'Account expired', '', '0', '0', '2025/05/08 22:20:43', '0', '0', 'GET /AUTO HTTP/1.1 Host: rtk.geodnet.com User-Agent: NTRIP TPA Client/0.0.0 Authorization: Basic bGFrZWNvdGVzdDpsYWtlY290ZXN0 Connection: close', '', '0', '0', '0', '0', '']
2025-05-09 03:01:10,591 - INFO - Skipping row: Empty Miner SN - Row Data: ['lakecotest', 'AUTO', '', '174.235.214.108', 'Failure', 'Account expired', '', '0', '0', '2025/05/08 22:20:38', '0', '0', 'GET /AUTO HTTP/1.1 Host: rtk.geodnet.com User-Agent: NTRIP TPA Client/0.0.0 Authorization: Basic bGFrZWNvdGVzdDpsYWtlY290ZXN0 Connection: close', '', '0', '0', '0', '0', '']
2025-05-09 03:01:10,807 - INFO - Skipping row: Empty Miner SN - Row Data: ['lakecotest', 'AUTO', '', '174.235.214.108', 'Failure', 'Account expired', '', '0', '0', '2025/05/08 22:20:33', '0', '0', 'GET /AUTO HTTP/1.1 Host: rtk.geodnet.com User-Agent: NTRIP TPA Client/0.0.0 Authorization: Basic bGFrZWNvdGVzdDpsYWtlY290ZXN0 Connection: close', '', '0', '0', '0', '0', '']
2025-05-09 03:01:11,027 - INFO - Skipping row: Empty Miner SN - Row Data: ['lakecotest', 'AUTO', '', '174.235.214.108', 'Failure', 'Account expired', '', '0', '0', '2025/05/08 22:20:28', '0', '0', 'GET /AUTO HTTP/1.1 Host: rtk.geodnet.com User-Agent: NTRIP TPA Client/0.0.0 Authorization: Basic bGFrZWNvdGVzdDpsYWtlY290ZXN0 Connection: close', '', '0', '0', '0', '0', '']
2025-05-09 03:01:11,231 - INFO - Skipping row: Empty Miner SN - Row Data: ['lakecotest', 'AUTO', '', '174.235.214.108', 'Failure', 'Account expired', '', '0', '0', '2025/05/08 22:20:23', '0', '0', 'GET /AUTO HTTP/1.1 Host: rtk.geodnet.com User-Agent: NTRIP TPA Client/0.0.0 Authorization: Basic bGFrZWNvdGVzdDpsYWtlY290ZXN0 Connection: close', '', '0', '0', '0', '0', '']
2025-05-09 03:01:11,446 - INFO - Skipping row: Empty Miner SN - Row Data: ['lakecotest', 'AUTO', '', '174.235.214.108', 'Failure', 'Account expired', '', '0', '0', '2025/05/08 22:20:18', '0', '0', 'GET /AUTO HTTP/1.1 Host: rtk.geodnet.com User-Agent: NTRIP TPA Client/0.0.0 Authorization: Basic bGFrZWNvdGVzdDpsYWtlY290ZXN0 Connection: close', '', '0', '0', '0', '0', '']
2025-05-09 03:01:13,581 - INFO - No modal detected.
2025-05-09 03:01:13,693 - INFO - Navigating to page 4...
2025-05-09 03:01:13,694 - INFO - Scraping page 4...
2025-05-09 03:01:13,710 - INFO - Log table found.
2025-05-09 03:01:13,724 - INFO - Found 21 rows on page 4.
2025-05-09 03:01:14,052 - INFO - Skipping row: Empty Miner SN - Row Data: ['lakecotest', 'AUTO', '', '174.235.214.108', 'Failure', 'Account expired', '', '0', '0', '2025/05/08 22:21:53', '0', '0', 'GET /AUTO HTTP/1.1 Host: rtk.geodnet.com User-Agent: NTRIP TPA Client/0.0.0 Authorization: Basic bGFrZWNvdGVzdDpsYWtlY290ZXN0 Connection: close', '', '0', '0', '0', '0', '']
2025-05-09 03:01:14,385 - INFO - Skipping row: Empty Miner SN - Row Data: ['lakecotest', 'AUTO', '', '174.235.214.108', 'Failure', 'Account expired', '', '0', '0', '2025/05/08 22:21:48', '0', '0', 'GET /AUTO HTTP/1.1 Host: rtk.geodnet.com User-Agent: NTRIP TPA Client/0.0.0 Authorization: Basic bGFrZWNvdGVzdDpsYWtlY290ZXN0 Connection: close', '', '0', '0', '0', '0', '']
2025-05-09 03:01:14,864 - INFO - Skipping row: Empty Miner SN - Row Data: ['lakecotest', 'AUTO', '', '174.235.214.108', 'Failure', 'Account expired', '', '0', '0', '2025/05/08 22:20:03', '0', '0', 'GET /AUTO HTTP/1.1 Host: rtk.geodnet.com User-Agent: NTRIP TPA Client/0.0.0 Authorization: Basic bGFrZWNvdGVzdDpsYWtlY290ZXN0 Connection: close', '', '0', '0', '0', '0', '']
2025-05-09 03:01:15,189 - INFO - Duplicate row found (ID: lakner24_2025/05/08 22:20:00_172)
2025-05-09 03:01:15,204 - INFO - file_cache is only supported with oauth2client<4.0.0
2025-05-09 03:01:15,225 - INFO - file_cache is only supported with oauth2client<4.0.0
2025-05-09 03:01:17,988 - WARNING - Existing headers ['username'] do not match expected ['username', 'mountpoint', 'partner', 'ip', 'status', 'message', 'station', 'distance(km)', 'no. of gga', 'sign in time (gps time)', 'session_time(s)', 'rtk_fix_rate(%)', 'request', 'latest_nmea', 'no. of sp', 'no. of dgps', 'no. of fix', 'no. of float', 'operations']. Updating headers.
2025-05-09 03:01:18,765 - INFO - Headers updated in Google Sheet: ['username', 'mountpoint', 'partner', 'ip', 'status', 'message', 'station', 'distance(km)', 'no. of gga', 'sign in time (gps time)', 'session_time(s)', 'rtk_fix_rate(%)', 'request', 'latest_nmea', 'no. of sp', 'no. of dgps', 'no. of fix', 'no. of float', 'operations']
2025-05-09 03:01:20,861 - INFO - Appended 4 rows in batch
2025-05-09 03:01:30,872 - INFO - Scraped 4 rows in 55.00 seconds
2025-05-09 03:01:30,874 - INFO - Outside 6:00 AM to 8:00 PM - Sleeping for 3540 seconds
2025-05-09 16:13:56,407 - INFO - Starting script...
2025-05-09 16:13:56,409 - INFO - Running script at 2025-05-09 16:13:56.409328
2025-05-09 16:13:56,411 - INFO - ChromeDriver found at /usr/bin/chromedriver
2025-05-09 16:14:01,107 - INFO - Loaded 151 processed rows
2025-05-09 16:14:01,145 - INFO - Cleaned processed rows, retained 151 entries
2025-05-09 16:14:01,188 - INFO - Loaded 151 processed rows
2025-05-09 16:14:02,982 - INFO - Navigating to login page...
2025-05-09 16:14:08,489 - INFO - No modal detected.
2025-05-09 16:14:08,509 - INFO - Username field found.
2025-05-09 16:14:09,009 - INFO - Logging in...
2025-05-09 16:14:09,365 - INFO - Navigating to log page...
2025-05-09 16:14:10,885 - INFO - Table headers: ['username', 'mountpoint', 'partner', 'ip', 'status', 'message', 'station', 'distance(km)', 'no. of gga', 'sign in time (gps time)', 'session_time(s)', 'rtk_fix_rate(%)', 'request', 'latest_nmea', 'no. of sp', 'no. of dgps', 'no. of fix', 'no. of float', 'operations']
2025-05-09 16:14:10,890 - INFO - Scraping page 1...
2025-05-09 16:14:10,920 - INFO - Log table found.
2025-05-09 16:14:10,944 - INFO - Found 21 rows on page 1.
2025-05-09 16:14:11,301 - INFO - Scraped GGA for row ID abertk_2025/05/09 16:00:24_: 
2025-05-09 16:14:11,302 - INFO - Scraped timestamp for row ID abertk_2025/05/09 16:00:24_: 2025/05/09 16:00:24
2025-05-09 16:14:11,669 - INFO - Scraped GGA for row ID abertk_2025/05/09 15:56:37_224: 
2025-05-09 16:14:11,671 - INFO - Scraped timestamp for row ID abertk_2025/05/09 15:56:37_224: 2025/05/09 15:56:37
2025-05-09 16:14:11,983 - INFO - Scraped GGA for row ID Vietfarm_2025/05/09 15:51:23_: 
2025-05-09 16:14:11,983 - INFO - Scraped timestamp for row ID Vietfarm_2025/05/09 15:51:23_: 2025/05/09 15:51:23
2025-05-09 16:14:12,268 - INFO - Scraped GGA for row ID abertk_2025/05/09 15:42:10_851: 
2025-05-09 16:14:12,269 - INFO - Scraped timestamp for row ID abertk_2025/05/09 15:42:10_851: 2025/05/09 15:42:10
2025-05-09 16:14:12,555 - INFO - Scraped GGA for row ID abertk_2025/05/09 15:30:13_716: 
2025-05-09 16:14:12,556 - INFO - Scraped timestamp for row ID abertk_2025/05/09 15:30:13_716: 2025/05/09 15:30:13
2025-05-09 16:14:12,880 - INFO - Scraped GGA for row ID dhaugaard_2025/05/09 15:14:21_: 
2025-05-09 16:14:12,881 - INFO - Scraped timestamp for row ID dhaugaard_2025/05/09 15:14:21_: 2025/05/09 15:14:21
2025-05-09 16:14:13,227 - INFO - Skipping row: Empty Miner SN - Row Data: ['dhaugaard', 'AUTO', 'Jon Lickiss', '174.235.212.56', 'Successful', 'Success', '', '0', '4', '2025/05/09 15:08:41', '24', '0.00', 'GET /AUTO HTTP/1.1 Host: rtk.geodnet.com Ntrip-Version: Ntrip/2.0 User-Agent: NTRIP NtripClientiOS/Version: 1.0 Authorization: Basic ZGhhdWdhYXJkOmRoYXVnYWFyZA==', 'Ntrip-GGA: $GPGGA,100844,0000.0000,S,00000.0000,W,1,08,1,200,M,1,M,3,0*63', '4', '0', '0', '0', 'Download']
2025-05-09 16:14:13,493 - INFO - Scraped GGA for row ID Sieverding_2025/05/09 14:59:53_: 
2025-05-09 16:14:13,493 - INFO - Scraped timestamp for row ID Sieverding_2025/05/09 14:59:53_: 2025/05/09 14:59:53
2025-05-09 16:14:13,740 - INFO - Scraped GGA for row ID dykstrartk_2025/05/09 14:31:31_137: 
2025-05-09 16:14:13,740 - INFO - Scraped timestamp for row ID dykstrartk_2025/05/09 14:31:31_137: 2025/05/09 14:31:31
2025-05-09 16:14:13,984 - INFO - Skipping row: Empty Miner SN - Row Data: ['dykstrartk', 'AUTO', 'Blake', '174.235.216.89', 'Successful', 'Success', '', '0', '2', '2025/05/09 14:31:05', '14', '0.00', 'GET /AUTO HTTP/1.1 Host:rtk.geodnet.com User-Agent: NTRIP Cloudbase/4.1.4_JD Accept:*/* Authorization: Basic ZHlrc3RyYXJ0azpydGtkeWtzdHJh Connection:close', '$GPGGA,143057.00,,,,,0,,,,M,,M,,*4C', '0', '0', '0', '0', 'Download']
2025-05-09 16:14:14,211 - INFO - Scraped GGA for row ID lakner24_2025/05/09 13:33:35_: 
2025-05-09 16:14:14,212 - INFO - Scraped timestamp for row ID lakner24_2025/05/09 13:33:35_: 2025/05/09 13:33:35
2025-05-09 16:14:14,479 - INFO - Scraped GGA for row ID lakner24_2025/05/09 13:32:46_75: 
2025-05-09 16:14:14,479 - INFO - Scraped timestamp for row ID lakner24_2025/05/09 13:32:46_75: 2025/05/09 13:32:46
2025-05-09 16:14:14,698 - INFO - Scraped GGA for row ID lakner24_2025/05/09 12:59:42_852: 
2025-05-09 16:14:14,699 - INFO - Scraped timestamp for row ID lakner24_2025/05/09 12:59:42_852: 2025/05/09 12:59:42
2025-05-09 16:14:14,923 - INFO - Scraped GGA for row ID lakner24_2025/05/09 12:59:04_25: 
2025-05-09 16:14:14,923 - INFO - Scraped timestamp for row ID lakner24_2025/05/09 12:59:04_25: 2025/05/09 12:59:04
2025-05-09 16:14:15,133 - INFO - Duplicate row found (ID: Vaksdal_2025/05/08 23:54:15_11072)
2025-05-09 16:14:15,172 - INFO - file_cache is only supported with oauth2client<4.0.0
2025-05-09 16:14:15,184 - INFO - file_cache is only supported with oauth2client<4.0.0
2025-05-09 16:14:16,725 - WARNING - Existing headers ['username'] do not match expected ['username', 'mountpoint', 'partner', 'ip', 'status', 'message', 'station', 'distance(km)', 'no. of gga', 'sign in time (gps time)', 'session_time(s)', 'rtk_fix_rate(%)', 'request', 'latest_nmea', 'no. of sp', 'no. of dgps', 'no. of fix', 'no. of float', 'operations']. Updating headers.
2025-05-09 16:14:17,449 - INFO - Headers updated in Google Sheet: ['username', 'mountpoint', 'partner', 'ip', 'status', 'message', 'station', 'distance(km)', 'no. of gga', 'sign in time (gps time)', 'session_time(s)', 'rtk_fix_rate(%)', 'request', 'latest_nmea', 'no. of sp', 'no. of dgps', 'no. of fix', 'no. of float', 'operations']
2025-05-09 16:14:18,825 - INFO - Appended 12 rows in batch
2025-05-09 16:14:28,852 - INFO - Scraped 12 rows in 27.70 seconds
2025-05-09 16:14:28,888 - INFO - Between 6:00 AM and 8:00 PM - Sleeping for 960 seconds
2025-05-09 16:30:28,998 - INFO - Loaded 163 processed rows
2025-05-09 16:30:29,747 - INFO - Navigating to login page...
2025-05-09 16:30:35,014 - INFO - No modal detected.
2025-05-09 16:30:35,032 - INFO - Username field found.
2025-05-09 16:30:35,392 - INFO - Logging in...
2025-05-09 16:30:35,484 - INFO - Navigating to log page...
2025-05-09 16:30:36,430 - INFO - Table headers: ['username', 'mountpoint', 'partner', 'ip', 'status', 'message', 'station', 'distance(km)', 'no. of gga', 'sign in time (gps time)', 'session_time(s)', 'rtk_fix_rate(%)', 'request', 'latest_nmea', 'no. of sp', 'no. of dgps', 'no. of fix', 'no. of float', 'operations']
2025-05-09 16:30:36,432 - INFO - Scraping page 1...
2025-05-09 16:30:36,446 - INFO - Log table found.
2025-05-09 16:30:36,472 - INFO - Found 21 rows on page 1.
2025-05-09 16:30:36,781 - INFO - Duplicate row found (ID: abertk_2025/05/09 16:00:24_)
2025-05-09 16:30:36,785 - INFO - Scraped 0 rows in 7.86 seconds
2025-05-09 16:30:36,790 - INFO - Between 6:00 AM and 8:00 PM - Sleeping for 1800 seconds
2025-05-09 17:00:36,789 - INFO - Loaded 163 processed rows
2025-05-09 17:00:37,047 - INFO - Navigating to login page...
2025-05-09 17:00:37,609 - INFO - Modal dismissed.
2025-05-09 17:00:37,623 - INFO - Username field found.
2025-05-09 17:00:38,172 - ERROR - WebDriver error: Message: element not interactable
  (Session info: chrome=136.0.7103.92)
Stacktrace:
#0 0x55942e54278a <unknown>
#1 0x55942dfe4ef3 <unknown>
#2 0x55942e030b9c <unknown>
#3 0x55942e02ede0 <unknown>
#4 0x55942e05c3a2 <unknown>
#5 0x55942e02a51a <unknown>
#6 0x55942e05c56e <unknown>
#7 0x55942e0822a0 <unknown>
#8 0x55942e05c173 <unknown>
#9 0x55942e028d4b <unknown>
#10 0x55942e0299b1 <unknown>
#11 0x55942e50793b <unknown>
#12 0x55942e50b83a <unknown>
#13 0x55942e4ef692 <unknown>
#14 0x55942e50c3c4 <unknown>
#15 0x55942e4d44cf <unknown>
#16 0x55942e530568 <unknown>
#17 0x55942e530746 <unknown>
#18 0x55942e5415f6 <unknown>
#19 0x7f2e30d521f5 <unknown>

2025-05-09 17:00:38,187 - ERROR - Traceback (most recent call last):
  File "/app/geodnet_scraper_updated.py", line 291, in main
    if not login(driver):
  File "/app/geodnet_scraper_updated.py", line 246, in login
    username_field.send_keys("truenav")
  File "/usr/local/lib/python3.9/site-packages/selenium/webdriver/remote/webelement.py", line 231, in send_keys
    self._execute(
  File "/usr/local/lib/python3.9/site-packages/selenium/webdriver/remote/webelement.py", line 403, in _execute
    return self._parent.execute(command, params)
  File "/usr/local/lib/python3.9/site-packages/selenium/webdriver/remote/webdriver.py", line 440, in execute
    self.error_handler.check_response(response)
  File "/usr/local/lib/python3.9/site-packages/selenium/webdriver/remote/errorhandler.py", line 245, in check_response
    raise exception_class(message, screen, stacktrace)
selenium.common.exceptions.ElementNotInteractableException: Message: element not interactable
  (Session info: chrome=136.0.7103.92)
Stacktrace:
#0 0x55942e54278a <unknown>
#1 0x55942dfe4ef3 <unknown>
#2 0x55942e030b9c <unknown>
#3 0x55942e02ede0 <unknown>
#4 0x55942e05c3a2 <unknown>
#5 0x55942e02a51a <unknown>
#6 0x55942e05c56e <unknown>
#7 0x55942e0822a0 <unknown>
#8 0x55942e05c173 <unknown>
#9 0x55942e028d4b <unknown>
#10 0x55942e0299b1 <unknown>
#11 0x55942e50793b <unknown>
#12 0x55942e50b83a <unknown>
#13 0x55942e4ef692 <unknown>
#14 0x55942e50c3c4 <unknown>
#15 0x55942e4d44cf <unknown>
#16 0x55942e530568 <unknown>
#17 0x55942e530746 <unknown>
#18 0x55942e5415f6 <unknown>
#19 0x7f2e30d521f5 <unknown>


